Vendedor do pedido;Vendedor do cliente;Cliente;Data pedido;Nro. pedido;Tipo pedido;Produto;"Quantidade ";Volume total;Preço da tabela;Preço base;Valor líquido unitário;Valor total líquido
Alan Da Costa Barbosa;Alan Da Costa Barbosa;58.929.887 LUCAS BARBOSA DOS SANTOS - 58929887000187 - 1006904;28/09/2026;954137269;Venda;LUBRAX TOP TURBO 15W40 ESSENC CI4-6X4L - 10000141;20;480,0000;R$561,24;R$550,24;R$539,24;R$10.784,80
Alan Da Costa Barbosa;Alan Da Costa Barbosa;COPERFIL COMERCIO DE LUBRIFICANTES LTDA - 03211169000189 - 1005018;28/09/2026;954107492;Venda;LUBRAX HYDRA V1 H 68 - BB20L - 1027063 - 10000958;50;1.000,0000;R$385,41;R$389,26;R$377,58;R$18.879,00
Alan Da Costa Barbosa;Alan Da Costa Barbosa;58.929.887 LUCAS BARBOSA DOS SANTOS - 58929887000187 - 1006904;28/09/2026;954135521;Venda;LUBRAX TOP TURBO 15W40 ESSENC CI4-6X4L - 10000141;20;480,0000;R$561,24;R$550,24;R$539,24;R$10.784,80
Alan Da Costa Barbosa;Alan Da Costa Barbosa;JAIR LOPES DE SOUZA - 33846098000151 - 1003346;28/09/2026;954199775;Venda;LUBRAX HYDRA V1 H 68 - BB20L - 1027063 - 10000958;50;1.000,0000;R$385,41;R$389,26;R$367,07;R$18.353,50
Alan Da Costa Barbosa;Alan Da Costa Barbosa;HF PECAS LTDA - 53475108000105 - 1002945;28/09/2026;954172455;Venda;LUBRAX TOP TURBO 15W40 CH-4 6X4L 1028234 - 10000140;1;24,0000;R$632,38;R$638,70;R$638,70;R$638,70
Alan Da Costa Barbosa;Alan Da Costa Barbosa;HF PECAS LTDA - 53475108000105 - 1002945;28/09/2026;954172455;Venda;LUBRAX TOP AUTO 20W-50 SL - 6x4L - 10001051;1;24,0000;R$681,04;R$687,85;R$667,21;R$667,21
Alan Da Costa Barbosa;Alan Da Costa Barbosa;HF PECAS LTDA - 53475108000105 - 1002945;28/09/2026;954172455;Venda;LUBRAX TOP AUTO 15W40 SL SEMI - 24x1L - 10000112;2;48,0000;R$672,13;R$678,85;R$658,48;R$1.316,96
Alan Da Costa Barbosa;Alan Da Costa Barbosa;HF PECAS LTDA - 53475108000105 - 1002945;28/09/2026;954172455;Venda;LUBRAX TOP TURBO 15W40 CI4 228.3 70k-20L - 10000607;2;40,0000;R$413,61;R$417,75;R$417,75;R$835,50
Alan Da Costa Barbosa;Alan Da Costa Barbosa;HF PECAS LTDA - 53475108000105 - 1002945;28/09/2026;954172455;Venda;LUBRAX TOP AUTO 20W50 SL- 24x1L - 10000611;2;48,0000;R$695,95;R$702,91;R$681,82;R$1.363,64
Alan Da Costa Barbosa;Alan Da Costa Barbosa;HF PECAS LTDA - 53475108000105 - 1002945;28/09/2026;954172455;Venda;LUBRAX TOP TURBO 15W40 CH-4 - BB20L - 10000600;2;40,0000;R$460,75;R$465,36;R$465,36;R$930,72
Alberto Sardeiro da Silva;Alberto Sardeiro da Silva;LETICIA AUTO PECAS MONTEIRO LTDA - 03187881000190 - 1007342;28/09/2026;954126647;Venda;LUBRAX TOP TURBO 15W40 ESSENC CI-4-24x1L - 10000122;2;48,0000;R$659,79;R$666,39;R$666,39;R$1.332,78
Alberto Sardeiro da Silva;Alberto Sardeiro da Silva;LETICIA AUTO PECAS MONTEIRO LTDA - 03187881000190 - 1007342;28/09/2026;954126647;Venda;LUBRAX GL 5 90 - CXC24F1L - 10000341;1;24,0000;R$669,77;R$676,47;R$676,47;R$676,47
Alberto Sardeiro da Silva;Alberto Sardeiro da Silva;LETICIA AUTO PECAS MONTEIRO LTDA - 03187881000190 - 1007342;28/09/2026;954126647;Venda;LUBRAX TOP TURBO ESSENC 15W40 CI-4-BB20L - 10000095;2;40,0000;R$404,97;R$409,02;R$409,02;R$818,04
Alberto Sardeiro da Silva;Alberto Sardeiro da Silva;LETICIA AUTO PECAS MONTEIRO LTDA - 03187881000190 - 1007342;28/09/2026;954126647;Venda;LUBRAX TOP TURBO 15W40 ESSENC CI4-6X4L - 10000141;2;48,0000;R$578,25;R$584,03;R$584,03;R$1.168,06
Alberto Sardeiro da Silva;Alberto Sardeiro da Silva;LETICIA AUTO PECAS MONTEIRO LTDA - 03187881000190 - 1007342;28/09/2026;954126647;Venda;LUBRAX GL 5 140 - CXC24F1L - 10000053;1;24,0000;R$866,59;R$875,26;R$875,26;R$875,26
Alberto Sardeiro da Silva;Alberto Sardeiro da Silva;ALBUQUERQUE AUTO PECAS LTDA - 45322382000108 - 1006865;28/09/2026;953946933;Venda;LUBRAX TOP TURBO 15W40 ESSENC CI4-6X4L - 10000141;8;192,0000;R$566,91;R$572,58;R$572,58;R$4.580,64
Alberto Sardeiro da Silva;Alberto Sardeiro da Silva;37.720.702 JOSE PIRES PORTO - 37720702000150 - 1005352;28/09/2026;953976832;Venda;LUBRAX TOP TURBO ESSENC 15W40 CI-4-BB20L - 10000095;6;120,0000;R$397,03;R$401,00;R$401,00;R$2.406,00
Alberto Sardeiro da Silva;Alberto Sardeiro da Silva;GP DISTR DE LUBRIFICANTES E FILTROS LTDA - 45686519000103 - 1002843;28/09/2026;953947904;Venda;LUBRAX TOP TURBO ESSENC 15W40 CI-4-BB20L - 10000095;15;300,0000;R$393,06;R$396,99;R$396,99;R$5.954,85
André Martins Lima;André Martins Lima;TAPYTUR TRANSPORTES LTDA - 05382211000150 - 1007380;28/09/2026;954193668;Cotação;LUBRAX TOP TURBO 10W40 CI-4 SINT-BB20L - 10000118;10;200,0000;R$543,18;R$548,61;R$548,61;R$5.486,10
André Martins Lima;André Martins Lima;TAPYTUR TRANSPORTES LTDA - 05382211000150 - 1007380;28/09/2026;954193668;Cotação;LUBRAX CHASSIS 2 - BL 20 K - 10000802;2;0,0000;R$398,26;R$402,24;R$402,24;R$804,48
André Martins Lima;André Martins Lima;TAPYTUR TRANSPORTES LTDA - 05382211000150 - 1007380;28/09/2026;954193668;Cotação;LUBRAX ATF TA - 24x1L - 1026906 - 10001061;1;24,0000;R$739,60;R$747,00;R$747,00;R$747,00
André Martins Lima;André Martins Lima;TAPYTUR TRANSPORTES LTDA - 05382211000150 - 1007380;28/09/2026;954128739;Cotação;LUBRAX TOP TURBO 15W40 CI4 228.3 70k-20L - 10000607;14;280,0000;R$401,45;R$405,46;R$405,46;R$5.676,44
André Martins Lima;André Martins Lima;TAPYTUR TRANSPORTES LTDA - 05382211000150 - 1007380;28/09/2026;954128739;Cotação;LUBRAX CHASSIS 2 - BL 20 K - 10000802;2;0,0000;R$398,26;R$402,24;R$402,24;R$804,48
André Martins Lima;André Martins Lima;TAPYTUR TRANSPORTES LTDA - 05382211000150 - 1007380;28/09/2026;954128739;Cotação;LUBRAX ATF TA - 24x1L - 1026906 - 10001061;1;24,0000;R$739,60;R$747,00;R$747,00;R$747,00
André Martins Lima;André Martins Lima;TAPYTUR TRANSPORTES LTDA - 05382211000150 - 1007380;28/09/2026;954128739;Cotação;LUBRAX TOP TURBO 10W40 CI-4 SINT-BB20L - 10000118;10;200,0000;R$543,18;R$548,61;R$548,61;R$5.486,10
Cidmar Souza;André Martins Lima;FERTSUL ADUBOS E CORRETIVOS LTDA - 07790381000107 - 1007281;28/09/2026;954055981;Venda;LUBRAX TOP MOTO 20W50 MA - 24x1L - 10000956;1;24,0000;R$647,13;R$653,60;R$653,13;R$653,13
Cidmar Souza;André Martins Lima;FERTSUL ADUBOS E CORRETIVOS LTDA - 07790381000107 - 1007281;28/09/2026;954055981;Venda;LUBRAX TRM GL 5 90 - 24x1L - 1026926 - 10000104;1;24,0000;R$761,43;R$769,04;R$771,43;R$771,43
Cidmar Souza;André Martins Lima;FERTSUL ADUBOS E CORRETIVOS LTDA - 07790381000107 - 1007281;28/09/2026;954055981;Venda;LUBRAX TOP TURBO 15W40 CI4 228.3 70k-1L - 10000621;1;24,0000;R$668,83;R$675,52;R$688,83;R$688,83
Cidmar Souza;André Martins Lima;FERTSUL ADUBOS E CORRETIVOS LTDA - 07790381000107 - 1007281;28/09/2026;954055981;Venda;LUBRAX TOP MOTO 10W30 MA2 SEMI- 24x1L - 10000614;1;24,0000;R$624,79;R$631,04;R$634,79;R$634,79
Cidmar Souza;André Martins Lima;FERTSUL ADUBOS E CORRETIVOS LTDA - 07790381000107 - 1007281;28/09/2026;954043206;Cotação;LUBRAX TOP MOTO 20W50 MA - 24x1L - 10000956;1;24,0000;R$647,13;R$653,60;R$653,13;R$653,13
Cidmar Souza;André Martins Lima;FERTSUL ADUBOS E CORRETIVOS LTDA - 07790381000107 - 1007281;28/09/2026;954043206;Cotação;LUBRAX TOP MOTO 10W30 MA2 SEMI- 24x1L - 10000614;1;24,0000;R$624,79;R$631,04;R$634,79;R$634,79
Cidmar Souza;André Martins Lima;FERTSUL ADUBOS E CORRETIVOS LTDA - 07790381000107 - 1007281;28/09/2026;954043206;Cotação;LUBRAX TOP TURBO 15W40 CI4 228.3 70k-1L - 10000621;1;24,0000;R$668,83;R$675,52;R$688,83;R$688,83
Cidmar Souza;André Martins Lima;FERTSUL ADUBOS E CORRETIVOS LTDA - 07790381000107 - 1007281;28/09/2026;954043206;Cotação;LUBRAX TRM GL 5 90 - 24x1L - 1026926 - 10000104;1;24,0000;R$761,43;R$769,04;R$771,43;R$771,43
Cidmar Souza;Vania Guimaraes;SPBA AUTO PECAS LTDA - 51587839000109 - 1006647;28/09/2026;954039430;Venda;LUBRAX TOP TURBO ESSENC 15W40 CI-4-BB20L - 10000095;50;1.000,0000;R$389,13;R$393,02;R$381,23;R$19.061,50
Cidmar Souza;Vania Guimaraes;SPBA AUTO PECAS LTDA - 51587839000109 - 1006647;28/09/2026;954039430;Venda;LUBRAX HYDRA V2 HLP 68 - BB20L - 1026928 - 10001054;10;200,0000;R$393,19;R$397,12;R$393,15;R$3.931,50
Cidmar Souza;Vania Guimaraes;SPBA AUTO PECAS LTDA - 51587839000109 - 1006647;28/09/2026;954014296;Cotação;LUBRAX TOP TURBO ESSENC 15W40 CI-4-BB20L - 10000095;50;1.000,0000;R$389,13;R$393,02;R$381,23;R$19.061,50
Cidmar Souza;Vania Guimaraes;SPBA AUTO PECAS LTDA - 51587839000109 - 1006647;28/09/2026;954014296;Cotação;LUBRAX HYDRA V2 HLP 68 - BB20L - 1026928 - 10001054;10;200,0000;R$393,19;R$397,12;R$393,15;R$3.931,50
Daniel Alves;Flávio Silveira Brandão;YANG MOTORS LTDA - 12324102000141 - 1000254;28/09/2026;954209218;Venda;LUBRAX TOP AUTO 5W30 SQ SINT - 24x1L - 10000602;2;48,0000;R$797,69;R$805,67;R$805,67;R$1.611,34
Daniel Alves;Flávio Silveira Brandão;YANG MOTORS LTDA - 12324102000141 - 1000254;28/09/2026;954205179;Venda;LUBRAX TOP AUTO 5W30 SQ HIBRID SINT-12x1 - 10000609;2;24,0000;R$599,27;R$605,26;R$605,26;R$1.210,52
Daniel Alves;Rosileide Da Silva Santos;FORTBRAS AUTOPECAS S.A. - 22761584005209 - 1000628;28/09/2026;954075206;Cotação;LUBRAX TOP TURBO ESSENC 15W40 CI-4-BB20L - 10000095;1;20,0000;R$404,97;R$404,97;R$368,00;R$368,00
Daniel Alves;Rosileide Da Silva Santos;FORTBRAS AUTOPECAS S.A. - 22761584005209 - 1000628;28/09/2026;954075206;Cotação;LUBRAX TOP TURBO 15W40 CH-4 - BB20L - 10000600;1;20,0000;R$460,75;R$460,75;R$428,56;R$428,56
Daniel Alves;Rosileide Da Silva Santos;FORTBRAS AUTOPECAS S.A. - 22761584005209 - 1000628;28/09/2026;954075206;Cotação;LUBRAX TOP TURBO 15W40 CI4 228.3 70k-20L - 10000607;1;20,0000;R$413,61;R$413,61;R$382,00;R$382,00
Davidson Valmir Marques de Andrade;Davidson Valmir Marques de Andrade;VILA RICA COMB LTDA EM RECUPERACAO - 10234001000154 - 1004570;28/09/2026;953999231;Venda;LUBRAX TOP TURBO 15W40 CI4 228.3 70k-1L - 10000621;3;72,0000;R$668,83;R$673,85;R$673,85;R$2.021,55
Davidson Valmir Marques de Andrade;Davidson Valmir Marques de Andrade;VILA RICA COMB LTDA EM RECUPERACAO - 10234001000154 - 1004570;28/09/2026;953999231;Venda;LUBRAX ATF TA  - CXC40F1/2L - 10000351;2;40,0000;R$748,62;R$754,23;R$754,23;R$1.508,46
Davidson Valmir Marques de Andrade;Davidson Valmir Marques de Andrade;VILA RICA COMB LTDA EM RECUPERACAO - 10234001000154 - 1004570;28/09/2026;953999231;Venda;LUBRAX ATF TA - 24x1L - 1026906 - 10001061;2;48,0000;R$739,60;R$745,15;R$745,15;R$1.490,30
Davidson Valmir Marques de Andrade;Davidson Valmir Marques de Andrade;VILA RICA COMB LTDA EM RECUPERACAO - 10234001000154 - 1004570;28/09/2026;953999231;Venda;LUBRAX 2T TC - 40X1/2L - 10000132;2;40,0000;R$619,43;R$624,08;R$624,08;R$1.248,16
Davidson Valmir Marques de Andrade;Davidson Valmir Marques de Andrade;VILA RICA COMB LTDA EM RECUPERACAO - 10234001000154 - 1004570;28/09/2026;953999231;Venda;LUBRAX FLUID P/ FREIO DOT 4 ES-CX40F1/2L - 10000338;1;20,0000;R$1.039,26;R$1.047,05;R$1.047,05;R$1.047,05
Davidson Valmir Marques de Andrade;Davidson Valmir Marques de Andrade;VILA RICA COMB LTDA EM RECUPERACAO - 10234001000154 - 1004570;28/09/2026;953999231;Venda;LUBRAX TOP MOTO 20W50 MA - SUP12x1L - 10000129;4;48,0000;R$310,62;R$312,95;R$312,95;R$1.251,80
Davidson Valmir Marques de Andrade;Davidson Valmir Marques de Andrade;VILA RICA COMB LTDA EM RECUPERACAO - 10234001000154 - 1004570;28/09/2026;953999231;Venda;LUBRAX TOP AUTO 20W50 SL - SUP12X1L - 10000131;6;72,0000;R$327,51;R$329,97;R$329,97;R$1.979,82
Davidson Valmir Marques de Andrade;Davidson Valmir Marques de Andrade;VILA RICA COMB LTDA EM RECUPERACAO - 10234001000154 - 1004570;28/09/2026;953999231;Venda;LUBRAX TOP AUTO SINT 5W30 SQ -SUP12X1L - 10000982;6;72,0000;R$375,38;R$378,20;R$378,20;R$2.269,20
Davidson Valmir Marques de Andrade;Davidson Valmir Marques de Andrade;VILA RICA COMB LTDA EM RECUPERACAO - 10234001000154 - 1004570;28/09/2026;953999231;Venda;LUBRAX TOP AUTO SEMI 15W40 SL -SUP12x1L - 10000128;6;72,0000;R$316,30;R$318,67;R$318,67;R$1.912,02
Davidson Valmir Marques de Andrade;Davidson Valmir Marques de Andrade;VILA RICA COMB LTDA EM RECUPERACAO - 10234001000154 - 1004570;28/09/2026;953999231;Venda;LUBRAX FLUIDO PARA FREIOS - CXC40F1/2L - 10000879;1;20,0000;R$763,86;R$769,59;R$769,59;R$769,59
Davidson Valmir Marques de Andrade;Davidson Valmir Marques de Andrade;AUTO POSTO DDD 242 LTDA - 30252783000161 - 1003595;28/09/2026;953982501;Cotação;LUBRAX TOP AUTO 5W20 SQ SINT - 12X1L - 10000605;1;12,0000;R$353,54;R$356,55;R$356,55;R$356,55
Davidson Valmir Marques de Andrade;Davidson Valmir Marques de Andrade;AUTO POSTO DDD 242 LTDA - 30252783000161 - 1003595;28/09/2026;953982501;Cotação;LUBRAX TOP AUTO 10W40 SN SEMI - 24x1L - 10000957;1;24,0000;R$772,46;R$779,03;R$779,03;R$779,03
Davidson Valmir Marques de Andrade;Davidson Valmir Marques de Andrade;AUTO POSTO DDD 242 LTDA - 30252783000161 - 1003595;28/09/2026;953982501;Cotação;LUBRAX TOP AUTO 5W40 502/505 SINT-24x1L - 10000608;1;24,0000;R$891,70;R$899,28;R$899,28;R$899,28
Davidson Valmir Marques de Andrade;Davidson Valmir Marques de Andrade;AUTO POSTO DDD 242 LTDA - 30252783000161 - 1003595;28/09/2026;953982501;Cotação;LUBRAX TOP AUTO 15W40 SL SEMI - 24x1L - 10000112;1;24,0000;R$672,13;R$677,84;R$677,84;R$677,84
Davidson Valmir Marques de Andrade;Davidson Valmir Marques de Andrade;AUTO POSTO DDD 242 LTDA - 30252783000161 - 1003595;28/09/2026;953982501;Cotação;LUBRAX TOP AUTO 20W50 SL- 24x1L - 10000611;1;24,0000;R$695,95;R$701,87;R$701,87;R$701,87
Davidson Valmir Marques de Andrade;Davidson Valmir Marques de Andrade;AUTO POSTO DDD 242 LTDA - 30252783000161 - 1003595;28/09/2026;953982501;Cotação;LUBRAX TOP MOTO 20W50 MA - 24x1L - 10000956;1;24,0000;R$647,13;R$652,63;R$652,63;R$652,63
Davidson Valmir Marques de Andrade;Davidson Valmir Marques de Andrade;AUTO POSTO DDD 242 LTDA - 30252783000161 - 1003595;28/09/2026;953982501;Cotação;LUBRAX TOP TURBO 15W40 ESSENC CI4-6X4L - 10000141;4;96,0000;R$578,25;R$583,17;R$583,17;R$2.332,68
Davidson Valmir Marques de Andrade;Davidson Valmir Marques de Andrade;AUTO POSTO DDD 242 LTDA - 30252783000161 - 1003595;28/09/2026;953982501;Cotação;LUBRAX ATF TA - 24x1L - 1026906 - 10001061;1;24,0000;R$739,60;R$745,89;R$745,89;R$745,89
Davidson Valmir Marques de Andrade;Davidson Valmir Marques de Andrade;AUTO POSTO DDD 242 LTDA - 30252783000161 - 1003595;28/09/2026;953982501;Cotação;LUBRAX TOP MOTO 10W30 MA2 SEMI- 24x1L - 10000614;1;24,0000;R$624,79;R$630,10;R$630,10;R$630,10
George Farini;George Farini;POSTO TRAVESSAO LTDA - 15175177000104 - 1006990;28/09/2026;954057510;Venda;LUBRAX TOP TURBO 15W40 CI4 228.3 70k-1L - 10000621;2;48,0000;R$668,83;R$668,83;R$668,83;R$1.337,66
George Farini;George Farini;POSTO TRAVESSAO LTDA - 15175177000104 - 1006990;28/09/2026;954057510;Venda;LUBRAX TRM GL 5 90 - 24x1L - 1026926 - 10000104;1;24,0000;R$761,43;R$761,43;R$761,43;R$761,43
George Farini;George Farini;POSTO TRAVESSAO LTDA - 15175177000104 - 1006990;28/09/2026;954057510;Venda;LUBRAX ATF DX3 - 24x1L - 10000101;1;24,0000;R$624,88;R$624,88;R$624,88;R$624,88
George Farini;George Farini;POSTO TRAVESSAO LTDA - 15175177000104 - 1006990;28/09/2026;954057510;Venda;LUBRAX ESSENCIAL 2T - CXC40F1/2L - 10000435;1;20,0000;R$696,11;R$696,11;R$696,11;R$696,11
Gilmar Nantes de Santana;Gilmar Nantes de Santana;BRAUNA DISTRIBUIDORA DE PECAS LTDA - 21022024000111 - 1004030;28/09/2026;954031803;Venda;LUBRAX TOP TURBO 15W40 ESSENC CI-4-24x1L - 10000122;4;96,0000;R$659,79;R$666,39;R$646,40;R$2.585,60
Gilmar Nantes de Santana;Gilmar Nantes de Santana;BRAUNA DISTRIBUIDORA DE PECAS LTDA - 21022024000111 - 1004030;28/09/2026;954031803;Venda;LUBRAX TOP AUTO 10W40 SN SEMI - 24x1L - 10000957;2;48,0000;R$772,46;R$780,18;R$756,77;R$1.513,54
Gilmar Nantes de Santana;Gilmar Nantes de Santana;COML DE PECAS E LUBRIF AUTOM WD LTDA - 51539983000170 - 1000174;28/09/2026;954168254;Cotação;1025588 LUBRAX UNITRACTOR 10W30 - BB20 L - 10000067;1;20,0000;R$467,58;R$472,26;R$472,26;R$472,26
Gilmar Nantes de Santana;Gilmar Nantes de Santana;COML DE PECAS E LUBRIF AUTOM WD LTDA - 51539983000170 - 1000174;28/09/2026;954168254;Cotação;LUBRAX GL 5 85W140 - BL 20 L - 10000890;1;20,0000;R$561,54;R$567,16;R$550,15;R$550,15
Gilmar Nantes de Santana;Gilmar Nantes de Santana;59.825.016 ANTONIO CHARLES SOUZA - 59825016000186 - 1005402;28/09/2026;954105637;Venda;LUBRAX TOP TURBO ESSENC 15W40 CI-4-BB20L - 10000095;8;160,0000;R$397,03;R$401,00;R$388,97;R$3.111,76
Gilmar Nantes de Santana;Gilmar Nantes de Santana;63.016.316 LUIS GUSTAVO SANTOS ALMEIDA - 63016316000191 - 1007033;28/09/2026;953942368;Cotação;LUBRAX TOP TURBO 15W40 ESSENC CI-4-24x1L - 10000122;1;24,0000;R$659,79;R$666,39;R$646,40;R$646,40
Jefferson Santos;Alan Da Costa Barbosa;JJ MOTO PECAS E ACESSORIOS LTDA - 47243188000162 - 1007152;28/09/2026;954041358;Cotação;LUBRAX TOP AUTO 20W50 SL - SUP12X1L - 10000131;10;120,0000;R$327,51;R$321,09;R$311,46;R$3.114,60
Jefferson Santos;Alan Da Costa Barbosa;JJ MOTO PECAS E ACESSORIOS LTDA - 47243188000162 - 1007152;28/09/2026;954041358;Cotação;LUBRAX TOP MOTO 20W50 MA - 24x1L - 10000956;30;720,0000;R$621,81;R$609,62;R$591,33;R$17.739,90
Luana Santos;Alan Da Costa Barbosa;SENA OLEOS LTDA - 32154870000101 - 1003262;28/09/2026;954059802;Venda;LUBRAX TOP TURBO 15W40 ESSENC CI-4-24x1L - 10000122;2;48,0000;R$659,79;R$651,67;R$632,12;R$1.264,24
Luana Santos;Alan Da Costa Barbosa;SENA OLEOS LTDA - 32154870000101 - 1003262;28/09/2026;954059802;Venda;LUBRAX TOP AUTO 15W40 SL SEMI - 24x1L - 10000112;1;24,0000;R$672,13;R$663,86;R$643,94;R$643,94
Luana Santos;Alan Da Costa Barbosa;SENA OLEOS LTDA - 32154870000101 - 1003262;28/09/2026;954059802;Venda;LUBRAX MOTO 4T 20W50 - CXC24F1L - 10000019;1;24,0000;R$702,91;R$694,26;R$673,43;R$673,43
Luana Santos;Alan Da Costa Barbosa;SENA OLEOS LTDA - 32154870000101 - 1003262;28/09/2026;954059802;Venda;LUBRAX TOP AUTO 20W50 SL- 24x1L - 10000611;2;48,0000;R$695,95;R$687,39;R$666,77;R$1.333,54
Luana Santos;Alan Da Costa Barbosa;SENA OLEOS LTDA - 32154870000101 - 1003262;28/09/2026;954058157;Cotação;LUBRAX TOP AUTO 15W40 SL SEMI - 24x1L - 10000112;1;24,0000;R$672,13;R$663,86;R$643,94;R$643,94
Luana Santos;Alan Da Costa Barbosa;SENA OLEOS LTDA - 32154870000101 - 1003262;28/09/2026;954058157;Cotação;LUBRAX MOTO 4T 20W50 - CXC24F1L - 10000019;1;24,0000;R$702,91;R$694,26;R$673,43;R$673,43
Luana Santos;Alan Da Costa Barbosa;SENA OLEOS LTDA - 32154870000101 - 1003262;28/09/2026;954058157;Cotação;LUBRAX TOP TURBO 15W40 ESSENC CI-4-24x1L - 10000122;2;48,0000;R$659,79;R$651,67;R$632,12;R$1.264,24
Luana Santos;Alan Da Costa Barbosa;SENA OLEOS LTDA - 32154870000101 - 1003262;28/09/2026;954058157;Cotação;LUBRAX TOP AUTO 20W50 SL- 24x1L - 10000611;2;48,0000;R$695,95;R$687,39;R$666,77;R$1.333,54
Luana Santos;Alan Da Costa Barbosa;SENA OLEOS LTDA - 32154870000101 - 1003262;28/09/2026;954056491;Cotação;LUBRAX TOP AUTO 15W40 SL SEMI - 24x1L - 10000112;1;24,0000;R$672,13;R$672,13;R$651,97;R$651,97
Luana Santos;Alan Da Costa Barbosa;SENA OLEOS LTDA - 32154870000101 - 1003262;28/09/2026;954056491;Cotação;LUBRAX TOP AUTO 20W50 SL- 24x1L - 10000611;2;48,0000;R$695,95;R$695,95;R$675,07;R$1.350,14
Luana Santos;Alan Da Costa Barbosa;SENA OLEOS LTDA - 32154870000101 - 1003262;28/09/2026;954056491;Cotação;LUBRAX TOP TURBO 15W40 ESSENC CI-4-24x1L - 10000122;2;48,0000;R$659,79;R$659,79;R$640,00;R$1.280,00
Luana Santos;Alan Da Costa Barbosa;SENA OLEOS LTDA - 32154870000101 - 1003262;28/09/2026;954056491;Cotação;LUBRAX MOTO 4T 20W50 - CXC24F1L - 10000019;1;24,0000;R$702,91;R$702,91;R$681,82;R$681,82
Luana Santos;Alan Da Costa Barbosa;SENA OLEOS LTDA - 32154870000101 - 1003262;28/09/2026;954032846;Cotação;LUBRAX TOP AUTO 15W40 SL SEMI - 24x1L - 10000112;1;24,0000;R$672,13;R$672,13;R$672,13;R$672,13
Luana Santos;Alan Da Costa Barbosa;SENA OLEOS LTDA - 32154870000101 - 1003262;28/09/2026;954032846;Cotação;LUBRAX MOTO 4T 20W50 - CXC24F1L - 10000019;1;24,0000;R$702,91;R$702,91;R$681,82;R$681,82
Luana Santos;Alan Da Costa Barbosa;SENA OLEOS LTDA - 32154870000101 - 1003262;28/09/2026;954032846;Cotação;LUBRAX TOP TURBO 15W40 ESSENC CI-4-24x1L - 10000122;1;24,0000;R$659,79;R$659,79;R$640,00;R$640,00
Luana Santos;Alan Da Costa Barbosa;SENA OLEOS LTDA - 32154870000101 - 1003262;28/09/2026;954032846;Cotação;LUBRAX TOP AUTO 20W50 SL- 24x1L - 10000611;2;48,0000;R$695,95;R$695,95;R$675,07;R$1.350,14
Luana Santos;Alan Da Costa Barbosa;SENA OLEOS LTDA - 32154870000101 - 1003262;28/09/2026;953974996;Cotação;LUBRAX TOP TURBO 15W40 ESSENC CI-4-24x1L - 10000122;1;24,0000;R$659,79;R$659,79;R$640,00;R$640,00
Luana Santos;Alan Da Costa Barbosa;SENA OLEOS LTDA - 32154870000101 - 1003262;28/09/2026;953974996;Cotação;LUBRAX TOP AUTO 20W50 SL- 24x1L - 10000611;2;48,0000;R$695,95;R$695,95;R$675,07;R$1.350,14
Luana Santos;Alan Da Costa Barbosa;SENA OLEOS LTDA - 32154870000101 - 1003262;28/09/2026;953974996;Cotação;LUBRAX TOP AUTO 15W40 SN SEMI - 24x1L - 10000110;1;24,0000;R$772,30;R$772,30;R$749,13;R$749,13
Luana Santos;Alan Da Costa Barbosa;SENA OLEOS LTDA - 32154870000101 - 1003262;28/09/2026;953974996;Cotação;LUBRAX TOP TURBO 15W40 MIN PREM CI4-6X4L - 10000142;2;48,0000;R$771,26;R$771,26;R$748,12;R$1.496,24
Luana Santos;Alan Da Costa Barbosa;SENA OLEOS LTDA - 32154870000101 - 1003262;28/09/2026;953974996;Cotação;LUBRAX MOTO 4T 20W50 - CXC24F1L - 10000019;1;24,0000;R$702,91;R$702,91;R$681,82;R$681,82
Luana Santos;Alan Da Costa Barbosa;SENA OLEOS LTDA - 32154870000101 - 1003262;28/09/2026;953966190;Cotação;LUBRAX TOP AUTO 20W50 SL- 24x1L - 10000611;1;24,0000;R$695,95;R$695,95;R$675,07;R$675,07
Luana Santos;Alan Da Costa Barbosa;SENA OLEOS LTDA - 32154870000101 - 1003262;28/09/2026;953966190;Cotação;LUBRAX TOP AUTO SINT 5W30 SQ -SUP12X1L - 10000982;1;12,0000;R$382,89;R$382,89;R$371,40;R$371,40
Luana Santos;Alan Da Costa Barbosa;SENA OLEOS LTDA - 32154870000101 - 1003262;28/09/2026;953966190;Cotação;LUBRAX TOP AUTO 20W50 SL - SUP12X1L - 10000131;1;12,0000;R$334,06;R$334,06;R$324,04;R$324,04
Luana Santos;Alan Da Costa Barbosa;SENA OLEOS LTDA - 32154870000101 - 1003262;28/09/2026;953966190;Cotação;LUBRAX TOP AUTO SEMI 15W40 SL -SUP12x1L - 10000128;1;12,0000;R$322,62;R$322,62;R$312,94;R$312,94
Luana Santos;Alan Da Costa Barbosa;SENA OLEOS LTDA - 32154870000101 - 1003262;28/09/2026;953966190;Cotação;LUBRAX TOP AUTO 5W30 SQ SINT - 24x1L - 10000602;1;24,0000;R$797,69;R$797,69;R$773,76;R$773,76
Luana Santos;Alan Da Costa Barbosa;SENA OLEOS LTDA - 32154870000101 - 1003262;28/09/2026;953966190;Cotação;LUBRAX TOP AUTO 15W40 SL SEMI - 24x1L - 10000112;1;24,0000;R$672,13;R$672,13;R$651,97;R$651,97
Luana Santos;Alan Da Costa Barbosa;SENA OLEOS LTDA - 32154870000101 - 1003262;28/09/2026;953958563;Cotação;LUBRAX TOP AUTO 20W50 SL- 24x1L - 10000611;1;24,0000;R$695,95;R$695,95;R$675,07;R$675,07
Luana Santos;Alan Da Costa Barbosa;SENA OLEOS LTDA - 32154870000101 - 1003262;28/09/2026;953958563;Cotação;LUBRAX TOP AUTO 15W40 SL SEMI - 24x1L - 10000112;1;24,0000;R$672,13;R$672,13;R$651,97;R$651,97
Luana Santos;Alan Da Costa Barbosa;SENA OLEOS LTDA - 32154870000101 - 1003262;28/09/2026;953958563;Cotação;LUBRAX TOP TURBO 15W40 ESSENC CI4-6X4L - 10000141;1;24,0000;R$578,25;R$578,25;R$560,90;R$560,90
Luis Fernando Sousa Silva;Luis Fernando Sousa Silva;FIUZA MOTOS LTDA - 46579847000173 - 1000141;28/09/2026;953943343;Venda;LUBRAX TOP MOTO 20W50 MA - SUP12x1L - 10000129;3;36,0000;R$310,62;R$313,73;R$304,32;R$912,96
Luis Fernando Sousa Silva;Luis Fernando Sousa Silva;FIUZA MOTOS LTDA - 46579847000173 - 1000141;28/09/2026;953943343;Venda;LUBRAX TOP MOTO 10W30 MA2  - SUP12X1L - 10000130;3;36,0000;R$299,90;R$302,90;R$302,90;R$908,70
Luis Fernando Sousa Silva;Luis Fernando Sousa Silva;FIUZA MOTOS LTDA - 46579847000173 - 1000141;28/09/2026;953942319;Cotação;LUBRAX TOP MOTO 20W50 MA - SUP12x1L - 10000129;3;36,0000;R$310,62;R$313,73;R$304,32;R$912,96
Luis Fernando Sousa Silva;Luis Fernando Sousa Silva;FIUZA MOTOS LTDA - 46579847000173 - 1000141;28/09/2026;953942319;Cotação;LUBRAX TOP MOTO 10W30 MA2  - SUP12X1L - 10000130;3;36,0000;R$299,90;R$302,90;R$302,90;R$908,70
Luis Formigli;Luis Formigli;NRD - NORDESTE DISTR DE PECAS LTDA - 26737000000162 - 1006844;28/09/2026;954028781;Venda;LUBRAX TOP TURBO 10W40 CI-4 SINT-BB20L - 10000118;6;120,0000;R$543,18;R$548,61;R$532,15;R$3.192,90
Luis Formigli;Luis Formigli;VANNUCCI AUTOPECAS DO BRASIL LTDA - 11623920001235 - 1001441;28/09/2026;954119886;Venda;LUBRAX TOP TURBO ESSENC 15W40 CI-4-BB20L - 10000095;50;1.000,0000;R$389,13;R$393,02;R$373,37;R$18.668,50
Luis Formigli;Luis Formigli;J.DE J.CASTRO MERCEARIA - 06834754000123 - 1000015;28/09/2026;954143355;Venda;LUBRAX ATF TA - 24x1L - 1026906 - 10001061;1;24,0000;R$739,60;R$747,00;R$724,59;R$724,59
Luis Formigli;Luis Formigli;J.DE J.CASTRO MERCEARIA - 06834754000123 - 1000015;28/09/2026;954143355;Venda;LUBRAX TOP AUTO 15W40 SL SEMI - 24x1L - 10000112;1;24,0000;R$672,13;R$678,85;R$658,48;R$658,48
Luis Formigli;Luis Formigli;J.DE J.CASTRO MERCEARIA - 06834754000123 - 1000015;28/09/2026;954143355;Venda;LUBRAX GL 5 140 - CXC24F1L - 10000053;1;24,0000;R$866,59;R$875,26;R$849,00;R$849,00
Luis Formigli;Luis Formigli;M&A MOTOS PECAS E SERVICOS LTDA - 48230573000138 - 1006463;28/09/2026;954185029;Venda;LUBRAX TOP MOTO 10W30 MA2 SEMI- 24x1L - 10000614;2;48,0000;R$624,79;R$631,04;R$612,11;R$1.224,22
Luis Formigli;Luis Formigli;M&A MOTOS PECAS E SERVICOS LTDA - 48230573000138 - 1006463;28/09/2026;954185029;Venda;LUBRAX TOP MOTO 20W50 MA - 24x1L - 10000956;2;48,0000;R$647,13;R$653,60;R$633,99;R$1.267,98
Marco Vieira;Flávio Silveira Brandão;BR LAB COMERCIAL LTDA - 07744379000193 - 1006893;28/09/2026;954169746;Cotação;LUBRAX TOP TURBO ESSENC 15W40 CI-4-BB20L - 10000095;8;160,0000;R$397,03;R$397,03;R$397,03;R$3.176,24
Marco Vieira;Flávio Silveira Brandão;PROQUIMICA LABORATORIOS LTDA - 13463104000184 - 1006894;28/09/2026;954163659;Cotação;LUBRAX TOP TURBO ESSENC 15W40 CI-4-BB20L - 10000095;8;160,0000;R$397,03;R$397,03;R$397,03;R$3.176,24
Marco Vieira;Flávio Silveira Brandão;PROQUIMICA LABORATORIOS LTDA - 13463104000184 - 1006894;28/09/2026;954163659;Cotação;LUBRAX GEAR PAO 460 - TB 200 L - 10000713;3;600,0000;R$35.835,05;R$35.835,05;R$35.835,05;R$107.505,15
Marco Vieira;Flávio Silveira Brandão;CONCRETA TECNOLOGIA EM ENGENHARIA LTDA - 15231897000131 - 1007143;28/09/2026;954160360;Cotação;LUBRAX LITH SM 2 - BL 20 K - 10000800;3;3,0000;R$1.538,51;R$1.538,51;R$1.538,51;R$4.615,53
Marco Vieira;Flávio Silveira Brandão;CONCRETA TECNOLOGIA EM ENGENHARIA LTDA - 15231897000131 - 1007143;28/09/2026;954160360;Cotação;LUBRAX UTILE FPX 220- BL 20L - 10000514;5;100,0000;R$737,19;R$737,19;R$737,19;R$3.685,95
Marco Vieira;Laís Campos;GERAL TEC INSTALACAO E MANUT ELETRICA - 03244450000118 - 1005022;28/09/2026;954013601;Cotação;LUBRAX GEAR PAO 460 - TB 200 L - 10000713;1;200,0000;R$35.835,05;R$35.835,05;R$35.799,76;R$35.799,76
Marco Vieira;Laís Campos;GERAL TEC INSTALACAO E MANUT ELETRICA - 03244450000118 - 1005022;28/09/2026;954013601;Cotação;LUBRAX TOP TURBO ESSENC 15W40 CI-4-BB20L - 10000095;8;160,0000;R$397,03;R$397,03;R$400,03;R$3.200,24
Maria Atanazia Borges da Silva;Maria Atanazia Borges da Silva;KOLUNA COM DE COMB E DERIV DO PETR LTDA - 02617411000156 - 1004947;28/09/2026;954226128;Cotação;LUBRAX TOP TURBO 15W40 CI4 228.3 70k-1L - 10000621;4;96,0000;R$668,83;R$675,52;R$675,52;R$2.702,08
Maria Atanazia Borges da Silva;Maria Atanazia Borges da Silva;KOLUNA COM DE COMB E DERIV DO PETR LTDA - 02617411000156 - 1004947;28/09/2026;954226128;Cotação;LUBRAX TOP AUTO 25W50 SL- 24x1L - 10000610;3;72,0000;R$809,40;R$817,49;R$817,49;R$2.452,47
Maria Atanazia Borges da Silva;Maria Atanazia Borges da Silva;KOLUNA COM DE COMB E DERIV DO PETR LTDA - 02617411000156 - 1004947;28/09/2026;954226128;Cotação;LUBRAX TOP AUTO 5W30 SQ DX1 -SUP12X1L - 10000980;10;120,0000;R$402,30;R$406,32;R$406,32;R$4.063,20
Maria Atanazia Borges da Silva;Maria Atanazia Borges da Silva;KOLUNA COM DE COMB E DERIV DO PETR LTDA - 02617411000156 - 1004947;28/09/2026;954226128;Cotação;LUBRAX TOP AUTO 5W40 502/505 SINT-24x1L - 10000608;4;96,0000;R$891,70;R$900,62;R$900,62;R$3.602,48
Maria Atanazia Borges da Silva;Maria Atanazia Borges da Silva;KOLUNA COM DE COMB E DERIV DO PETR LTDA - 02617411000156 - 1004947;28/09/2026;954226128;Cotação;LUBRAX TOP AUTO 5W30 C2,C3 SINT - 6x4L - 10000138;6;144,0000;R$891,31;R$900,22;R$900,22;R$5.401,32
Maria Atanazia Borges da Silva;Maria Atanazia Borges da Silva;KOLUNA COM DE COMB E DERIV DO PETR LTDA - 02617411000156 - 1004947;28/09/2026;954225796;Cotação;LUBRAX TOP TURBO 15W40 CI4 228.3 70k-1L - 10000621;4;96,0000;R$668,83;R$668,83;R$668,83;R$2.675,32
Maria Atanazia Borges da Silva;Maria Atanazia Borges da Silva;KOLUNA COM DE COMB E DERIV DO PETR LTDA - 02617411000156 - 1004947;28/09/2026;954225796;Cotação;LUBRAX TOP AUTO 5W30 SQ DX1 -SUP12X1L - 10000980;10;120,0000;R$402,30;R$402,30;R$402,30;R$4.023,00
Maria Atanazia Borges da Silva;Maria Atanazia Borges da Silva;KOLUNA COM DE COMB E DERIV DO PETR LTDA - 02617411000156 - 1004947;28/09/2026;954225796;Cotação;LUBRAX TOP AUTO 5W40 502/505 SINT-24x1L - 10000608;4;96,0000;R$891,70;R$891,70;R$891,70;R$3.566,80
Maria Atanazia Borges da Silva;Maria Atanazia Borges da Silva;KOLUNA COM DE COMB E DERIV DO PETR LTDA - 02617411000156 - 1004947;28/09/2026;954225796;Cotação;LUBRAX TOP AUTO 25W50 SL- 24x1L - 10000610;3;72,0000;R$809,40;R$809,40;R$809,40;R$2.428,20
Maria Atanazia Borges da Silva;Maria Atanazia Borges da Silva;KOLUNA COM DE COMB E DERIV DO PETR LTDA - 02617411000156 - 1004947;28/09/2026;954225796;Cotação;LUBRAX TOP AUTO 5W30 C2,C3 SINT - 6x4L - 10000138;6;144,0000;R$891,31;R$891,31;R$891,31;R$5.347,86
Maria Atanazia Borges da Silva;Maria Atanazia Borges da Silva;E NATIVIDADE DERIVADOS DE PETROLEO LTDA - 57883169000154 - 1002989;28/09/2026;953970111;Venda;LUBRAX TOP AUTO SINT 5W30 SQ -SUP12X1L - 10000982;4;48,0000;R$382,89;R$386,72;R$386,72;R$1.546,88
Maria Atanazia Borges da Silva;Maria Atanazia Borges da Silva;E NATIVIDADE DERIVADOS DE PETROLEO LTDA - 57883169000154 - 1002989;28/09/2026;953970111;Venda;LUBRAX TOP AUTO 5W40 502/505 SINT-24x1L - 10000608;1;24,0000;R$891,70;R$900,62;R$900,62;R$900,62
Maria Atanazia Borges da Silva;Maria Atanazia Borges da Silva;E NATIVIDADE DERIVADOS DE PETROLEO LTDA - 57883169000154 - 1002989;28/09/2026;953970111;Venda;LUBRAX TOP AUTO SEMI 15W40 SL -SUP12x1L - 10000128;2;24,0000;R$322,62;R$325,85;R$325,85;R$651,70
Maria Atanazia Borges da Silva;Maria Atanazia Borges da Silva;E NATIVIDADE DERIVADOS DE PETROLEO LTDA - 57883169000154 - 1002989;28/09/2026;953970111;Venda;LUBRAX ESSENCIAL 2T - CXC40F1/2L - 10000435;1;20,0000;R$696,11;R$703,07;R$703,07;R$703,07
Maria Atanazia Borges da Silva;Maria Atanazia Borges da Silva;E NATIVIDADE DERIVADOS DE PETROLEO LTDA - 57883169000154 - 1002989;28/09/2026;953970111;Venda;LUBRAX TOP MOTO 20W50 MA - SUP12x1L - 10000129;2;24,0000;R$310,62;R$313,73;R$313,73;R$627,46
Maria Atanazia Borges da Silva;Maria Atanazia Borges da Silva;E NATIVIDADE DERIVADOS DE PETROLEO LTDA - 57883169000154 - 1002989;28/09/2026;953970111;Venda;LUBRAX TOP TURBO 15W40 CI4 228.3 70k-1L - 10000621;1;24,0000;R$668,83;R$675,52;R$675,52;R$675,52
Maria Atanazia Borges da Silva;Maria Atanazia Borges da Silva;E NATIVIDADE DERIVADOS DE PETROLEO LTDA - 57883169000154 - 1002989;28/09/2026;953970111;Venda;LUBRAX TOP AUTO 5W30 C2,C3 SINT-24x1L - 10000954;2;48,0000;R$888,06;R$896,94;R$896,94;R$1.793,88
Maria Atanazia Borges da Silva;Maria Atanazia Borges da Silva;E NATIVIDADE DERIVADOS DE PETROLEO LTDA - 57883169000154 - 1002989;28/09/2026;953970111;Venda;Lubrax ATF TA Mineral -40X1/2L - 10000133;1;20,0000;R$677,44;R$684,21;R$684,21;R$684,21
Maria Atanazia Borges da Silva;Maria Atanazia Borges da Silva;E NATIVIDADE DERIVADOS DE PETROLEO LTDA - 57883169000154 - 1002989;28/09/2026;953970111;Venda;LUBRAX FLUID P/ FREIO DOT 4 ES-CX40F1/2L - 10000338;1;20,0000;R$1.039,26;R$1.049,65;R$1.049,65;R$1.049,65
Maria Atanazia Borges da Silva;Maria Atanazia Borges da Silva;E NATIVIDADE DERIVADOS DE PETROLEO LTDA - 57883169000154 - 1002989;28/09/2026;953970111;Venda;LUBRAX TOP AUTO SINT 0W20 SQ -SUP12X1L - 10000981;2;24,0000;R$390,88;R$394,79;R$394,79;R$789,58
Maria Atanazia Borges da Silva;Maria Atanazia Borges da Silva;E NATIVIDADE DERIVADOS DE PETROLEO LTDA - 57883169000154 - 1002989;28/09/2026;953970111;Venda;LUBRAX TOP AUTO 5W20 SQ SINT - 12X1L - 10000605;1;12,0000;R$353,54;R$357,08;R$357,08;R$357,08
Maria Atanazia Borges da Silva;Maria Atanazia Borges da Silva;E NATIVIDADE DERIVADOS DE PETROLEO LTDA - 57883169000154 - 1002989;28/09/2026;953970111;Venda;LUBRAX TOP AUTO 10W40 SN SEMI - 24x1L - 10000957;1;24,0000;R$772,46;R$780,18;R$780,18;R$780,18
Maria Atanazia Borges da Silva;Maria Atanazia Borges da Silva;E NATIVIDADE DERIVADOS DE PETROLEO LTDA - 57883169000154 - 1002989;28/09/2026;953970111;Venda;LUBRAX TOP AUTO 20W50 SL - SUP12X1L - 10000131;2;24,0000;R$334,06;R$337,40;R$337,40;R$674,80
Maria Atanazia Borges da Silva;Maria Atanazia Borges da Silva;E NATIVIDADE DERIVADOS DE PETROLEO LTDA - 57883169000154 - 1002989;28/09/2026;953968907;Cotação;LUBRAX TOP AUTO 5W40 502/505 SINT-24x1L - 10000608;1;24,0000;R$891,70;R$900,62;R$900,62;R$900,62
Maria Atanazia Borges da Silva;Maria Atanazia Borges da Silva;E NATIVIDADE DERIVADOS DE PETROLEO LTDA - 57883169000154 - 1002989;28/09/2026;953968907;Cotação;LUBRAX TOP AUTO SINT 5W30 SQ -SUP12X1L - 10000982;4;48,0000;R$382,89;R$386,72;R$386,72;R$1.546,88
Maria Atanazia Borges da Silva;Maria Atanazia Borges da Silva;E NATIVIDADE DERIVADOS DE PETROLEO LTDA - 57883169000154 - 1002989;28/09/2026;953968907;Cotação;Lubrax ATF TA Mineral -40X1/2L - 10000133;1;20,0000;R$677,44;R$684,21;R$684,21;R$684,21
Maria Atanazia Borges da Silva;Maria Atanazia Borges da Silva;E NATIVIDADE DERIVADOS DE PETROLEO LTDA - 57883169000154 - 1002989;28/09/2026;953968907;Cotação;LUBRAX TOP AUTO 10W40 SN SEMI - 24x1L - 10000957;1;24,0000;R$772,46;R$780,18;R$780,18;R$780,18
Maria Atanazia Borges da Silva;Maria Atanazia Borges da Silva;E NATIVIDADE DERIVADOS DE PETROLEO LTDA - 57883169000154 - 1002989;28/09/2026;953968907;Cotação;LUBRAX ESSENCIAL 2T - CXC40F1/2L - 10000435;1;20,0000;R$696,11;R$703,07;R$703,07;R$703,07
Maria Atanazia Borges da Silva;Maria Atanazia Borges da Silva;E NATIVIDADE DERIVADOS DE PETROLEO LTDA - 57883169000154 - 1002989;28/09/2026;953968907;Cotação;LUBRAX TOP MOTO 20W50 MA - SUP12x1L - 10000129;2;24,0000;R$310,62;R$313,73;R$313,73;R$627,46
Maria Atanazia Borges da Silva;Maria Atanazia Borges da Silva;E NATIVIDADE DERIVADOS DE PETROLEO LTDA - 57883169000154 - 1002989;28/09/2026;953968907;Cotação;LUBRAX TOP AUTO 5W20 SQ SINT - 12X1L - 10000605;1;12,0000;R$353,54;R$357,08;R$357,08;R$357,08
Maria Atanazia Borges da Silva;Maria Atanazia Borges da Silva;E NATIVIDADE DERIVADOS DE PETROLEO LTDA - 57883169000154 - 1002989;28/09/2026;953968907;Cotação;LUBRAX TOP AUTO SEMI 15W40 SL -SUP12x1L - 10000128;2;24,0000;R$322,62;R$325,85;R$325,85;R$651,70
Maria Atanazia Borges da Silva;Maria Atanazia Borges da Silva;E NATIVIDADE DERIVADOS DE PETROLEO LTDA - 57883169000154 - 1002989;28/09/2026;953968907;Cotação;LUBRAX TOP AUTO 20W50 SL - SUP12X1L - 10000131;2;24,0000;R$334,06;R$337,40;R$337,40;R$674,80
Maria Atanazia Borges da Silva;Maria Atanazia Borges da Silva;E NATIVIDADE DERIVADOS DE PETROLEO LTDA - 57883169000154 - 1002989;28/09/2026;953968907;Cotação;LUBRAX TOP AUTO SINT 0W20 SQ -SUP12X1L - 10000981;2;24,0000;R$390,88;R$394,79;R$394,79;R$789,58
Maria Atanazia Borges da Silva;Maria Atanazia Borges da Silva;E NATIVIDADE DERIVADOS DE PETROLEO LTDA - 57883169000154 - 1002989;28/09/2026;953968907;Cotação;LUBRAX TOP AUTO 5W30 C2,C3 SINT-24x1L - 10000954;2;48,0000;R$888,06;R$896,94;R$896,94;R$1.793,88
Maria Atanazia Borges da Silva;Maria Atanazia Borges da Silva;E NATIVIDADE DERIVADOS DE PETROLEO LTDA - 57883169000154 - 1002989;28/09/2026;953968907;Cotação;LUBRAX FLUID P/ FREIO DOT 4 ES-CX40F1/2L - 10000338;1;20,0000;R$1.039,26;R$1.049,65;R$1.049,65;R$1.049,65
Maria Atanazia Borges da Silva;Maria Atanazia Borges da Silva;E NATIVIDADE DERIVADOS DE PETROLEO LTDA - 57883169000154 - 1002989;28/09/2026;953968907;Cotação;LUBRAX TOP AUTO 5W40 508.88 SINT - 12x1L - 10000603;1;12,0000;R$494,80;R$499,75;R$499,75;R$499,75
Maria Atanazia Borges da Silva;Maria Atanazia Borges da Silva;E NATIVIDADE DERIVADOS DE PETROLEO LTDA - 57883169000154 - 1002989;28/09/2026;953968907;Cotação;LUBRAX TOP TURBO 15W40 CI4 228.3 70k-1L - 10000621;1;24,0000;R$668,83;R$675,52;R$675,52;R$675,52
Maria Atanazia Borges da Silva;Maria Atanazia Borges da Silva;E NATIVIDADE DERIVADOS DE PETROLEO LTDA - 57883169000154 - 1002989;28/09/2026;953968152;Cotação;LUBRAX TOP AUTO 5W40 502/505 SINT-24x1L - 10000608;1;24,0000;R$891,70;R$900,62;R$900,62;R$900,62
Maria Atanazia Borges da Silva;Maria Atanazia Borges da Silva;E NATIVIDADE DERIVADOS DE PETROLEO LTDA - 57883169000154 - 1002989;28/09/2026;953968152;Cotação;Lubrax ATF TA Mineral -40X1/2L - 10000133;1;20,0000;R$677,44;R$684,21;R$684,21;R$684,21
Maria Atanazia Borges da Silva;Maria Atanazia Borges da Silva;E NATIVIDADE DERIVADOS DE PETROLEO LTDA - 57883169000154 - 1002989;28/09/2026;953968152;Cotação;LUBRAX ESSENCIAL 2T - CXC40F1/2L - 10000435;1;20,0000;R$696,11;R$703,07;R$703,07;R$703,07
Maria Atanazia Borges da Silva;Maria Atanazia Borges da Silva;E NATIVIDADE DERIVADOS DE PETROLEO LTDA - 57883169000154 - 1002989;28/09/2026;953968152;Cotação;LUBRAX TOP AUTO 5W30 C2,C3 SINT - 6x4L - 10000138;2;48,0000;R$909,13;R$918,22;R$918,22;R$1.836,44
Maria Atanazia Borges da Silva;Maria Atanazia Borges da Silva;E NATIVIDADE DERIVADOS DE PETROLEO LTDA - 57883169000154 - 1002989;28/09/2026;953968152;Cotação;LUBRAX FLUID P/ FREIO DOT 4 ES-CX40F1/2L - 10000338;1;20,0000;R$1.039,26;R$1.049,65;R$1.049,65;R$1.049,65
Maria Atanazia Borges da Silva;Maria Atanazia Borges da Silva;E NATIVIDADE DERIVADOS DE PETROLEO LTDA - 57883169000154 - 1002989;28/09/2026;953968152;Cotação;LUBRAX TOP TURBO 15W40 CI4 228.3 70k-1L - 10000621;1;24,0000;R$668,83;R$675,52;R$675,52;R$675,52
Maria Atanazia Borges da Silva;Maria Atanazia Borges da Silva;E NATIVIDADE DERIVADOS DE PETROLEO LTDA - 57883169000154 - 1002989;28/09/2026;953968152;Cotação;LUBRAX TOP AUTO 5W40 508.88 SINT - 12x1L - 10000603;1;12,0000;R$494,80;R$499,75;R$499,75;R$499,75
Maria Atanazia Borges da Silva;Maria Atanazia Borges da Silva;E NATIVIDADE DERIVADOS DE PETROLEO LTDA - 57883169000154 - 1002989;28/09/2026;953968152;Cotação;LUBRAX TOP AUTO SINT 0W20 SQ -SUP12X1L - 10000981;2;24,0000;R$390,88;R$394,79;R$394,79;R$789,58
Maria Atanazia Borges da Silva;Maria Atanazia Borges da Silva;E NATIVIDADE DERIVADOS DE PETROLEO LTDA - 57883169000154 - 1002989;28/09/2026;953968152;Cotação;LUBRAX TOP AUTO 20W50 SL - SUP12X1L - 10000131;2;24,0000;R$334,06;R$337,40;R$337,40;R$674,80
Maria Atanazia Borges da Silva;Maria Atanazia Borges da Silva;E NATIVIDADE DERIVADOS DE PETROLEO LTDA - 57883169000154 - 1002989;28/09/2026;953968152;Cotação;LUBRAX TOP AUTO SEMI 15W40 SL -SUP12x1L - 10000128;2;24,0000;R$322,62;R$325,85;R$325,85;R$651,70
Maria Atanazia Borges da Silva;Maria Atanazia Borges da Silva;E NATIVIDADE DERIVADOS DE PETROLEO LTDA - 57883169000154 - 1002989;28/09/2026;953968152;Cotação;LUBRAX TOP AUTO 5W20 SQ SINT - 12X1L - 10000605;1;12,0000;R$353,54;R$357,08;R$357,08;R$357,08
Maria Atanazia Borges da Silva;Maria Atanazia Borges da Silva;E NATIVIDADE DERIVADOS DE PETROLEO LTDA - 57883169000154 - 1002989;28/09/2026;953968152;Cotação;LUBRAX TOP MOTO 20W50 MA - SUP12x1L - 10000129;2;24,0000;R$310,62;R$313,73;R$313,73;R$627,46
Maria Atanazia Borges da Silva;Maria Atanazia Borges da Silva;E NATIVIDADE DERIVADOS DE PETROLEO LTDA - 57883169000154 - 1002989;28/09/2026;953968152;Cotação;LUBRAX TOP AUTO 10W40 SN SEMI - 24x1L - 10000957;1;24,0000;R$772,46;R$780,18;R$780,18;R$780,18
Maria Atanazia Borges da Silva;Maria Atanazia Borges da Silva;E NATIVIDADE DERIVADOS DE PETROLEO LTDA - 57883169000154 - 1002989;28/09/2026;953968152;Cotação;LUBRAX TOP AUTO SINT 5W30 SQ -SUP12X1L - 10000982;4;48,0000;R$382,89;R$386,72;R$386,72;R$1.546,88
Michelle Serra;Michelle Serra;RICARDO LUIZ TORRES FONTES - 04208777000105 - 1007165;28/09/2026;954035261;Cotação;LUBRAX TOP AUTO 15W40 SL SEMI - 24x1L - 10000112;1;24,0000;R$670,04;R$673,39;R$639,72;R$639,72
Michelle Serra;Michelle Serra;RICARDO LUIZ TORRES FONTES - 04208777000105 - 1007165;28/09/2026;954035261;Cotação;LUBRAX TOP AUTO 0W20 508.00 SINT - 12X1L - 10000604;1;12,0000;R$680,16;R$683,56;R$649,38;R$649,38
Michelle Serra;Michelle Serra;RICARDO LUIZ TORRES FONTES - 04208777000105 - 1007165;28/09/2026;954035261;Cotação;LUBRAX TOP AUTO 508.88 5W40 SN -SUP12X1L - 10001052;1;12,0000;R$545,63;R$548,36;R$493,52;R$493,52
Michelle Serra;Michelle Serra;RICARDO LUIZ TORRES FONTES - 04208777000105 - 1007165;28/09/2026;954035261;Cotação;LUBRAX TOP AUTO 0W20 SQ DX1 SINT - 12x1L - 10000606;1;12,0000;R$452,39;R$454,65;R$454,65;R$454,65
Michelle Serra;Michelle Serra;RICARDO LUIZ TORRES FONTES - 04208777000105 - 1007165;28/09/2026;954035261;Cotação;LUBRAX TOP AUTO 20W50 SL- 24x1L - 10000611;1;24,0000;R$705,57;R$709,10;R$652,37;R$652,37
Michelle Serra;Michelle Serra;RICARDO LUIZ TORRES FONTES - 04208777000105 - 1007165;28/09/2026;954035261;Cotação;LUBRAX TOP AUTO 5W30 C2,C3 SINT-24x1L - 10000954;1;24,0000;R$1.083,16;R$1.088,58;R$1.088,58;R$1.088,58
Michelle Serra;Michelle Serra;RICARDO LUIZ TORRES FONTES - 04208777000105 - 1007165;28/09/2026;954035261;Cotação;LUBRAX TOP AUTO 10W30 SN SEMI - 24x1L - 10000615;1;24,0000;R$896,81;R$901,29;R$856,23;R$856,23
Michelle Serra;Michelle Serra;RICARDO LUIZ TORRES FONTES - 04208777000105 - 1007165;28/09/2026;954035261;Cotação;LUBRAX TOP AUTO 5W30 SQ SINT - 24x1L - 10000602;1;24,0000;R$825,78;R$829,91;R$829,91;R$829,91
Michelle Serra;Michelle Serra;RICARDO LUIZ TORRES FONTES - 04208777000105 - 1007165;28/09/2026;954035261;Cotação;LUBRAX TOP AUTO 5W40 502/505 SINT-24x1L - 10000608;1;24,0000;R$985,07;R$990,00;R$990,00;R$990,00
Patrícia Santos;Tatiane Silva de Oliveira;VL COM DE DERIVADOS DE PETROLEO LTDA - 20051834000133 - 1005496;28/09/2026;954103134;Cotação;LUBRAX TOP TURBO 15W40 CH-4 6X4L 1028234 - 10000140;1;24,0000;R$632,38;R$632,38;R$632,38;R$632,38
Patrícia Santos;Tatiane Silva de Oliveira;VL COM DE DERIVADOS DE PETROLEO LTDA - 20051834000133 - 1005496;28/09/2026;954103134;Cotação;LUBRAX ATF TA  - CXC40F1/2L - 10000351;1;20,0000;R$748,62;R$748,62;R$748,62;R$748,62
Patrícia Santos;Tatiane Silva de Oliveira;VL COM DE DERIVADOS DE PETROLEO LTDA - 20051834000133 - 1005496;28/09/2026;954103134;Cotação;LUBRAX TOP AUTO 0W20 SQ SINT -24x1L - 10000955;1;24,0000;R$814,33;R$814,33;R$814,33;R$814,33
Patrícia Santos;Tatiane Silva de Oliveira;VL COM DE DERIVADOS DE PETROLEO LTDA - 20051834000133 - 1005496;28/09/2026;954103134;Cotação;LUBRAX TOP AUTO 20W50 SL- 24x1L - 10000611;3;72,0000;R$695,95;R$695,95;R$695,95;R$2.087,85
Patrícia Santos;Tatiane Silva de Oliveira;VL COM DE DERIVADOS DE PETROLEO LTDA - 20051834000133 - 1005496;28/09/2026;954103134;Cotação;LUBRAX TOP TURBO 15W40 CH-4 -24x1L - 10000620;1;24,0000;R$606,21;R$606,21;R$606,21;R$606,21
Patrícia Santos;Tatiane Silva de Oliveira;VL COM DE DERIVADOS DE PETROLEO LTDA - 20051834000133 - 1005496;28/09/2026;954103134;Cotação;LUBRAX TOP TURBO 15W40 CI4 228.3 70k-20L - 10000607;2;40,0000;R$413,61;R$413,61;R$413,61;R$827,22
Patrícia Santos;George Farini;D & R AUTO POSTO DE COMBUSTIVEIS LTDA - 35825810000161 - 1003433;28/09/2026;954049876;Cotação;LUBRAX TOP TURBO 15W40 CK4 228.31 SS-20L - 10000116;5;100,0000;R$485,48;R$485,48;R$485,48;R$2.427,40
Patrícia Santos;George Farini;D & R AUTO POSTO DE COMBUSTIVEIS LTDA - 35825810000161 - 1003433;28/09/2026;954049876;Cotação;LUBRAX TOP TURBO 15W40 CI4 228.3 70k-20L - 10000607;20;400,0000;R$401,45;R$401,45;R$401,45;R$8.029,00
Patrícia Santos;George Farini;D & R AUTO POSTO DE COMBUSTIVEIS LTDA - 35825810000161 - 1003433;28/09/2026;954049876;Cotação;LUBRAX TOP AUTO 5W40 SQ SINT - 24X1L - 10000124;2;48,0000;R$835,76;R$835,76;R$835,76;R$1.671,52
Patrícia Santos;George Farini;D & R AUTO POSTO DE COMBUSTIVEIS LTDA - 35825810000161 - 1003433;28/09/2026;954049876;Cotação;LUBRAX HYDRA 68 - BB20L - 10000281;10;200,0000;R$393,19;R$393,19;R$393,19;R$3.931,90
Patrícia Santos;George Farini;D & R AUTO POSTO DE COMBUSTIVEIS LTDA - 35825810000161 - 1003433;28/09/2026;954049876;Cotação;LUBRAX TOP AUTO 20W50 SL- 24x1L - 10000611;2;48,0000;R$695,95;R$695,95;R$695,95;R$1.391,90
Patrícia Santos;George Farini;D & R AUTO POSTO DE COMBUSTIVEIS LTDA - 35825810000161 - 1003433;28/09/2026;954049876;Cotação;LUBRAX TOP TURBO 15W40 CH-4 - BB20L - 10000600;5;100,0000;R$460,75;R$460,75;R$460,75;R$2.303,75
Patrícia Santos;George Farini;D & R AUTO POSTO DE COMBUSTIVEIS LTDA - 35825810000161 - 1003433;28/09/2026;954049876;Cotação;LUBRAX ATF TA - 24x1L - 1026906 - 10001061;1;24,0000;R$739,60;R$739,60;R$739,60;R$739,60
Patrícia Santos;George Farini;D & R AUTO POSTO DE COMBUSTIVEIS LTDA - 35825810000161 - 1003433;28/09/2026;954010241;Cotação;LUBRAX ATF TA - 24x1L - 1026906 - 10001061;1;24,0000;R$739,60;R$739,60;R$739,60;R$739,60
Patrícia Santos;George Farini;D & R AUTO POSTO DE COMBUSTIVEIS LTDA - 35825810000161 - 1003433;28/09/2026;954010241;Cotação;LUBRAX TOP AUTO 20W50 SL- 24x1L - 10000611;2;48,0000;R$695,95;R$695,95;R$695,95;R$1.391,90
Patrícia Santos;George Farini;D & R AUTO POSTO DE COMBUSTIVEIS LTDA - 35825810000161 - 1003433;28/09/2026;954010241;Cotação;LUBRAX HYDRA 68 - BB20L - 10000281;10;200,0000;R$393,19;R$393,19;R$393,19;R$3.931,90
Patrícia Santos;George Farini;D & R AUTO POSTO DE COMBUSTIVEIS LTDA - 35825810000161 - 1003433;28/09/2026;954010241;Cotação;LUBRAX TOP TURBO 15W40 CI4 228.3 70k-20L - 10000607;20;400,0000;R$401,45;R$401,45;R$401,45;R$8.029,00
Patrícia Santos;George Farini;D & R AUTO POSTO DE COMBUSTIVEIS LTDA - 35825810000161 - 1003433;28/09/2026;954010241;Cotação;LUBRAX TOP AUTO 5W40 SQ SINT - 24X1L - 10000124;2;48,0000;R$835,76;R$835,76;R$835,76;R$1.671,52
Reinaldo Siqueira Santos Júnior;Reinaldo Siqueira Santos Júnior;AUTO POSTO PARADA DA SERRA LTDA - 10393997000140 - 1006230;28/09/2026;954129062;Venda;LUBRAX TOP TURBO 15W40 CH-4 6X4L 1028234 - 10000140;3;72,0000;R$526,37;R$531,63;R$540,00;R$1.620,00
Reinaldo Siqueira Santos Júnior;Reinaldo Siqueira Santos Júnior;AUTO POSTO PARADA DA SERRA LTDA - 10393997000140 - 1006230;28/09/2026;954129062;Venda;LUBRAX TOP TURBO 15W40 CH-4 -24x1L - 10000620;1;24,0000;R$634,59;R$640,94;R$564,00;R$564,00
Reinaldo Siqueira Santos Júnior;Reinaldo Siqueira Santos Júnior;AUTO POSTO PARADA DA SERRA LTDA - 10393997000140 - 1006230;28/09/2026;954124782;Cotação;LUBRAX TOP TURBO 15W40 CH-4 -24x1L - 10000620;1;24,0000;R$634,59;R$640,94;R$563,76;R$563,76
Reinaldo Siqueira Santos Júnior;Reinaldo Siqueira Santos Júnior;AUTO POSTO PARADA DA SERRA LTDA - 10393997000140 - 1006230;28/09/2026;954124782;Cotação;LUBRAX TOP TURBO 15W40 CH-4 6X4L 1028234 - 10000140;3;72,0000;R$526,37;R$531,63;R$540,00;R$1.620,00
Reinaldo Siqueira Santos Júnior;Reinaldo Siqueira Santos Júnior;AUTO POSTO SERRANO LTDA - 13134432000137 - 1002292;28/09/2026;954003616;Venda;LUBRAX TOP AUTO 5W30 SQ SINT - 24x1L - 10000602;2;48,0000;R$825,78;R$817,60;R$817,60;R$1.635,20
Reinaldo Siqueira Santos Júnior;Reinaldo Siqueira Santos Júnior;AUTO POSTO SERRANO LTDA - 13134432000137 - 1002292;28/09/2026;954003616;Venda;LUBRAX TOP MOTO 10W30 MA2 SEMI- 24x1L - 10000614;2;48,0000;R$603,27;R$597,30;R$576,00;R$1.152,00
Rejane Asevedo;Washington De Jesus Santos;AUTO POSTO BOA HORA LTDA - 32783771000199 - 1005385;28/09/2026;954165228;Venda;LUBRAX TOP TURBO 10W40 CI-4 SINT - 24x1L - 10000622;1;24,0000;R$1.093,51;R$1.072,08;R$1.050,64;R$1.050,64
Rejane Asevedo;Washington De Jesus Santos;AUTO POSTO BOA HORA LTDA - 32783771000199 - 1005385;28/09/2026;954165228;Venda;LUBRAX TOP AUTO 20W50 SL- 24x1L - 10000611;1;24,0000;R$705,57;R$691,74;R$677,91;R$677,91
Rejane Asevedo;Washington De Jesus Santos;AUTO POSTO BOA HORA LTDA - 32783771000199 - 1005385;28/09/2026;954165228;Venda;LUBRAX TOP AUTO 5W30 SQ SINT - 24x1L - 10000602;1;24,0000;R$825,78;R$809,59;R$793,40;R$793,40
Rejane Asevedo;Washington De Jesus Santos;AUTO POSTO BOA HORA LTDA - 32783771000199 - 1005385;28/09/2026;954165228;Venda;LUBRAX ATF TA  - CXC40F1/2L - 10000351;1;20,0000;R$982,75;R$963,49;R$944,22;R$944,22
Rejane Asevedo;Washington De Jesus Santos;AUTO POSTO BOA HORA LTDA - 32783771000199 - 1005385;28/09/2026;954165228;Venda;LUBRAX TOP TURBO 15W40 CH-4 -24x1L - 10000620;1;24,0000;R$634,59;R$622,15;R$609,71;R$609,71
Rejane Asevedo;Washington De Jesus Santos;AUTO POSTO BOA HORA LTDA - 32783771000199 - 1005385;28/09/2026;954165228;Venda;LUBRAX TOP TURBO 15W40 CI4 228.3 70k-1L - 10000621;1;24,0000;R$674,70;R$661,48;R$648,25;R$648,25
Rejane Asevedo;Washington De Jesus Santos;AUTO POSTO BOA HORA LTDA - 32783771000199 - 1005385;28/09/2026;954165228;Venda;LUBRAX TOP AUTO 10W40 SN SEMI - 24x1L - 10000957;1;24,0000;R$1.022,44;R$1.002,40;R$982,35;R$982,35
Rejane Asevedo;Washington De Jesus Santos;AUTO POSTO BOA HORA LTDA - 32783771000199 - 1005385;28/09/2026;954165228;Venda;LUBRAX ESSENCIAL 2T - CXC40F1/2L - 10000435;1;20,0000;R$672,00;R$658,83;R$645,65;R$645,65
Rejane Asevedo;Washington De Jesus Santos;AUTO POSTO BOA HORA LTDA - 32783771000199 - 1005385;28/09/2026;954165228;Venda;LUBRAX TOP AUTO 0W20 SQ SINT -24x1L - 10000955;1;24,0000;R$942,15;R$923,68;R$905,21;R$905,21
Rejane Asevedo;Davidson Valmir Marques de Andrade;AUTO POSTO DDD 242 LTDA - 30252783000161 - 1003595;28/09/2026;954143978;Cotação;LUBRAX TOP MOTO 20W50 MA - 24x1L - 10000956;1;24,0000;R$647,13;R$643,96;R$624,64;R$624,64
Rejane Asevedo;Davidson Valmir Marques de Andrade;AUTO POSTO DDD 242 LTDA - 30252783000161 - 1003595;28/09/2026;954143978;Cotação;LUBRAX TOP AUTO 20W50 SL- 24x1L - 10000611;1;24,0000;R$695,95;R$692,54;R$671,76;R$671,76
Rejane Asevedo;Davidson Valmir Marques de Andrade;AUTO POSTO DDD 242 LTDA - 30252783000161 - 1003595;28/09/2026;954143978;Cotação;LUBRAX TOP AUTO 10W40 SN SEMI - 24x1L - 10000957;1;24,0000;R$772,46;R$768,67;R$745,61;R$745,61
Rejane Asevedo;Davidson Valmir Marques de Andrade;AUTO POSTO DDD 242 LTDA - 30252783000161 - 1003595;28/09/2026;954143978;Cotação;LUBRAX TOP AUTO 5W20 SQ SINT - 12X1L - 10000605;1;12,0000;R$353,54;R$351,81;R$341,26;R$341,26
Rejane Asevedo;Davidson Valmir Marques de Andrade;AUTO POSTO DDD 242 LTDA - 30252783000161 - 1003595;28/09/2026;954143978;Cotação;LUBRAX TOP MOTO 10W30 MA2 SEMI- 24x1L - 10000614;1;24,0000;R$624,79;R$621,73;R$603,08;R$603,08
Rejane Asevedo;Davidson Valmir Marques de Andrade;AUTO POSTO DDD 242 LTDA - 30252783000161 - 1003595;28/09/2026;954143978;Cotação;LUBRAX ATF TA - 24x1L - 1026906 - 10001061;1;24,0000;R$739,60;R$735,98;R$735,98;R$735,98
Rejane Asevedo;Davidson Valmir Marques de Andrade;AUTO POSTO DDD 242 LTDA - 30252783000161 - 1003595;28/09/2026;954143978;Cotação;LUBRAX TOP TURBO 15W40 ESSENC CI4-6X4L - 10000141;4;96,0000;R$578,25;R$575,42;R$575,42;R$2.301,68
Rejane Asevedo;Davidson Valmir Marques de Andrade;AUTO POSTO DDD 242 LTDA - 30252783000161 - 1003595;28/09/2026;954143978;Cotação;LUBRAX TOP AUTO 5W40 502/505 SINT-24x1L - 10000608;1;24,0000;R$891,70;R$887,33;R$860,71;R$860,71
Rejane Asevedo;Davidson Valmir Marques de Andrade;AUTO POSTO DDD 242 LTDA - 30252783000161 - 1003595;28/09/2026;954143978;Cotação;LUBRAX TOP AUTO 15W40 SL SEMI - 24x1L - 10000112;1;24,0000;R$672,13;R$668,84;R$648,77;R$648,77
Rejane Asevedo;Davidson Valmir Marques de Andrade;POSTO FORMOSA DE COMBUSTIVEIS LTDA - 47785005000130 - 1002874;28/09/2026;954120945;Cotação;LUBRAX 2T TC - 40X1/2L - 10000132;1;20,0000;R$619,43;R$613,30;R$613,30;R$613,30
Rejane Asevedo;Davidson Valmir Marques de Andrade;POSTO FORMOSA DE COMBUSTIVEIS LTDA - 47785005000130 - 1002874;28/09/2026;954120945;Cotação;LUBRAX FLUID P/ FREIO DOT 4 ES-CX40F1/2L - 10000338;1;20,0000;R$1.039,26;R$1.028,97;R$1.008,39;R$1.008,39
Rejane Asevedo;Davidson Valmir Marques de Andrade;POSTO FORMOSA DE COMBUSTIVEIS LTDA - 47785005000130 - 1002874;28/09/2026;954120945;Cotação;LUBRAX ATF TA  - CXC40F1/2L - 10000351;1;20,0000;R$748,62;R$741,21;R$741,21;R$741,21
Rejane Asevedo;Davidson Valmir Marques de Andrade;POSTO FORMOSA DE COMBUSTIVEIS LTDA - 47785005000130 - 1002874;28/09/2026;954120945;Cotação;LUBRAX TOP MOTO 20W50 MA - 24x1L - 10000956;1;24,0000;R$647,13;R$640,72;R$640,72;R$640,72
Rejane Asevedo;Davidson Valmir Marques de Andrade;POSTO FORMOSA DE COMBUSTIVEIS LTDA - 47785005000130 - 1002874;28/09/2026;954120945;Cotação;LUBRAX TOP AUTO 15W40 SL SEMI - 24x1L - 10000112;2;48,0000;R$672,13;R$665,48;R$665,48;R$1.330,96
Rejane Asevedo;Davidson Valmir Marques de Andrade;POSTO FORMOSA DE COMBUSTIVEIS LTDA - 47785005000130 - 1002874;28/09/2026;954120945;Cotação;LUBRAX TOP AUTO 20W50 SL- 24x1L - 10000611;1;24,0000;R$695,95;R$689,06;R$689,06;R$689,06
Rejane Asevedo;Davidson Valmir Marques de Andrade;AUTO POSTO DDD 242 LTDA - 30252783000161 - 1003595;28/09/2026;954104475;Cotação;LUBRAX TOP AUTO 10W40 SN SEMI - 24x1L - 10000957;1;24,0000;R$772,46;R$779,03;R$755,66;R$755,66
Rejane Asevedo;Davidson Valmir Marques de Andrade;AUTO POSTO DDD 242 LTDA - 30252783000161 - 1003595;28/09/2026;954104475;Cotação;LUBRAX TOP AUTO 15W40 SL SEMI - 24x1L - 10000112;1;24,0000;R$672,13;R$677,84;R$657,50;R$657,50
Rejane Asevedo;Davidson Valmir Marques de Andrade;AUTO POSTO DDD 242 LTDA - 30252783000161 - 1003595;28/09/2026;954104475;Cotação;LUBRAX TOP AUTO 5W20 SQ SINT - 12X1L - 10000605;1;12,0000;R$353,54;R$356,55;R$345,85;R$345,85
Rejane Asevedo;Davidson Valmir Marques de Andrade;AUTO POSTO DDD 242 LTDA - 30252783000161 - 1003595;28/09/2026;954104475;Cotação;LUBRAX TOP TURBO 15W40 ESSENC CI4-6X4L - 10000141;4;96,0000;R$578,25;R$583,17;R$583,17;R$2.332,68
Rejane Asevedo;Davidson Valmir Marques de Andrade;AUTO POSTO DDD 242 LTDA - 30252783000161 - 1003595;28/09/2026;954104475;Cotação;LUBRAX TOP MOTO 20W50 MA - 24x1L - 10000956;1;24,0000;R$647,13;R$652,63;R$633,05;R$633,05
Rejane Asevedo;Davidson Valmir Marques de Andrade;AUTO POSTO DDD 242 LTDA - 30252783000161 - 1003595;28/09/2026;954104475;Cotação;LUBRAX TOP MOTO 10W30 MA2 SEMI- 24x1L - 10000614;1;24,0000;R$624,79;R$630,10;R$611,20;R$611,20
Rejane Asevedo;Davidson Valmir Marques de Andrade;AUTO POSTO DDD 242 LTDA - 30252783000161 - 1003595;28/09/2026;954104475;Cotação;LUBRAX TOP AUTO 5W40 502/505 SINT-24x1L - 10000608;1;24,0000;R$891,70;R$899,28;R$872,30;R$872,30
Rejane Asevedo;Davidson Valmir Marques de Andrade;AUTO POSTO DDD 242 LTDA - 30252783000161 - 1003595;28/09/2026;954104475;Cotação;LUBRAX TOP AUTO 20W50 SL- 24x1L - 10000611;1;24,0000;R$695,95;R$701,87;R$680,81;R$680,81
Rejane Asevedo;Davidson Valmir Marques de Andrade;AUTO POSTO DDD 242 LTDA - 30252783000161 - 1003595;28/09/2026;954104475;Cotação;LUBRAX ATF TA - 24x1L - 1026906 - 10001061;1;24,0000;R$739,60;R$745,89;R$745,89;R$745,89
Rejane Asevedo;Washington De Jesus Santos;ED COM DE COMB E DERIV DE PETROLEO LTDA - 19416136000105 - 1007338;28/09/2026;954040452;Venda;LUBRAX TOP TURBO 15W40 ESSENC CI-4-24x1L - 10000122;4;96,0000;R$659,79;R$659,79;R$560,00;R$2.240,00
Rejane Asevedo;Davidson Valmir Marques de Andrade;POSTO SEABRA LTDA - 02512414000478 - 1005642;28/09/2026;953979744;Cotação;LUBRAX TOP AUTO 15W40 SL SEMI - 24x1L - 10000112;4;96,0000;R$672,13;R$678,85;R$658,48;R$2.633,92
Rejane Asevedo;Davidson Valmir Marques de Andrade;POSTO SEABRA LTDA - 02512414000478 - 1005642;28/09/2026;953979744;Cotação;LUBRAX TOP TURBO 10W40 CI-4 SINT - 24x1L - 10000622;4;96,0000;R$730,09;R$737,39;R$715,27;R$2.861,08
Rejane Asevedo;Davidson Valmir Marques de Andrade;POSTO SEABRA LTDA - 02512414000478 - 1005642;28/09/2026;953979744;Cotação;LUBRAX GL 5 85W140 - CXC24F1L - 10000337;2;48,0000;R$959,24;R$968,83;R$939,77;R$1.879,54
Rejane Asevedo;Davidson Valmir Marques de Andrade;POSTO SEABRA LTDA - 02512414000478 - 1005642;28/09/2026;953979744;Cotação;LUBRAX TOP AUTO 10W40 SN SEMI - 24x1L - 10000957;2;48,0000;R$772,46;R$780,18;R$756,77;R$1.513,54
Rejane Asevedo;Davidson Valmir Marques de Andrade;POSTO SEABRA LTDA - 02512414000478 - 1005642;28/09/2026;953979744;Cotação;LUBRAX TOP TURBO 15W40 CI4 228.3 70k-1L - 10000621;5;120,0000;R$668,83;R$675,52;R$655,25;R$3.276,25
Rejane Asevedo;Davidson Valmir Marques de Andrade;POSTO SEABRA LTDA - 02512414000478 - 1005642;28/09/2026;953979744;Cotação;LUBRAX TOP TURBO 10W30 CK4 228.31 SS-20L - 10000114;2;40,0000;R$989,64;R$999,54;R$969,55;R$1.939,10
Rejane Asevedo;Davidson Valmir Marques de Andrade;POSTO SEABRA LTDA - 02512414000478 - 1005642;28/09/2026;953979744;Cotação;LUBRAX TOP TURBO 15W40 CI4 228.3 70k-20L - 10000607;10;200,0000;R$405,50;R$409,56;R$397,27;R$3.972,70
Rejane Asevedo;Davidson Valmir Marques de Andrade;POSTO SEABRA LTDA - 02512414000478 - 1005642;28/09/2026;953979744;Cotação;LUBRAX TRM 5 90 - CXC24F1L - 10000345;3;72,0000;R$580,76;R$586,57;R$568,97;R$1.706,91
Rejane Asevedo;Davidson Valmir Marques de Andrade;POSTO SEABRA LTDA - 02512414000478 - 1005642;28/09/2026;953979744;Cotação;LUBRAX ESSENCIAL 2T - CXC40F1/2L - 10000435;1;20,0000;R$696,11;R$703,07;R$681,98;R$681,98
Rejane Asevedo;Davidson Valmir Marques de Andrade;POSTO SEABRA LTDA - 02512414000478 - 1005642;28/09/2026;953979744;Cotação;LUBRAX FLUIDO P/ RADIADORES - CXC12F1L - 10000726;4;48,0000;R$325,78;R$329,04;R$319,17;R$1.276,68
Rejane Asevedo;Davidson Valmir Marques de Andrade;POSTO SEABRA LTDA - 02512414000478 - 1005642;28/09/2026;953979744;Cotação;LUBRAX TRM GL 5 140 - 24x1L - 10000102;4;96,0000;R$761,10;R$768,71;R$745,65;R$2.982,60
Rejane Asevedo;Davidson Valmir Marques de Andrade;POSTO SEABRA LTDA - 02512414000478 - 1005642;28/09/2026;953979744;Cotação;LUBRAX FLUID P/ FREIO DOT 4 ES-CX40F1/2L - 10000338;1;20,0000;R$1.039,26;R$1.049,65;R$1.018,16;R$1.018,16
Rejane Asevedo;Washington De Jesus Santos;AUTO POSTO BOA HORA LTDA - 32783771000199 - 1005385;28/09/2026;953973530;Cotação;LUBRAX ESSENCIAL 2T - CXC40F1/2L - 10000435;1;20,0000;R$672,00;R$658,83;R$645,65;R$645,65
Rejane Asevedo;Washington De Jesus Santos;AUTO POSTO BOA HORA LTDA - 32783771000199 - 1005385;28/09/2026;953973530;Cotação;LUBRAX ATF TA  - CXC40F1/2L - 10000351;1;20,0000;R$982,75;R$963,49;R$944,22;R$944,22
Rejane Asevedo;Washington De Jesus Santos;AUTO POSTO BOA HORA LTDA - 32783771000199 - 1005385;28/09/2026;953973530;Cotação;LUBRAX TOP AUTO 10W40 SN SEMI - 24x1L - 10000957;1;24,0000;R$1.022,44;R$1.002,40;R$982,35;R$982,35
Rejane Asevedo;Washington De Jesus Santos;AUTO POSTO BOA HORA LTDA - 32783771000199 - 1005385;28/09/2026;953973530;Cotação;LUBRAX TOP TURBO 10W40 CI-4 SINT - 24x1L - 10000622;1;24,0000;R$1.093,51;R$1.072,08;R$1.050,64;R$1.050,64
Rejane Asevedo;Washington De Jesus Santos;AUTO POSTO BOA HORA LTDA - 32783771000199 - 1005385;28/09/2026;953973530;Cotação;LUBRAX TOP TURBO 15W40 CH-4 -24x1L - 10000620;1;24,0000;R$634,59;R$622,15;R$609,71;R$609,71
Rejane Asevedo;Washington De Jesus Santos;AUTO POSTO BOA HORA LTDA - 32783771000199 - 1005385;28/09/2026;953973530;Cotação;LUBRAX TOP TURBO 15W40 CI4 228.3 70k-1L - 10000621;1;24,0000;R$674,70;R$661,48;R$648,25;R$648,25
Rejane Asevedo;Washington De Jesus Santos;AUTO POSTO BOA HORA LTDA - 32783771000199 - 1005385;28/09/2026;953973530;Cotação;LUBRAX TOP AUTO 20W50 SL- 24x1L - 10000611;1;24,0000;R$705,57;R$691,74;R$677,91;R$677,91
Rejane Asevedo;Washington De Jesus Santos;AUTO POSTO BOA HORA LTDA - 32783771000199 - 1005385;28/09/2026;953973530;Cotação;LUBRAX TOP AUTO 5W30 SQ SINT - 24x1L - 10000602;1;24,0000;R$825,78;R$809,59;R$793,40;R$793,40
Rejane Asevedo;Washington De Jesus Santos;AUTO POSTO BOA HORA LTDA - 32783771000199 - 1005385;28/09/2026;953973530;Cotação;LUBRAX TOP AUTO 0W20 SQ SINT -24x1L - 10000955;1;24,0000;R$942,15;R$923,68;R$905,21;R$905,21
Renilson Ricardo dos Santos;Renilson Ricardo dos Santos;MURINGA COMERCIO DE LUBRIFICANTES LTDA - 58194023000164 - 1006491;28/09/2026;954096356;Venda;LUBRAX TOP MOTO 10W30 MA2 SEMI- 24x1L - 10000614;1;24,0000;R$624,79;R$630,10;R$630,10;R$630,10
Renilson Ricardo dos Santos;Renilson Ricardo dos Santos;MURINGA COMERCIO DE LUBRIFICANTES LTDA - 58194023000164 - 1006491;28/09/2026;954096356;Venda;LUBRAX TOP AUTO 5W30 SQ SINT - 24x1L - 10000602;1;24,0000;R$797,69;R$804,47;R$780,34;R$780,34
Renilson Ricardo dos Santos;Renilson Ricardo dos Santos;MURINGA COMERCIO DE LUBRIFICANTES LTDA - 58194023000164 - 1006491;28/09/2026;954096356;Venda;LUBRAX TOP AUTO 508.88 5W40 SN -SUP12X1L - 10001052;1;12,0000;R$475,01;R$479,05;R$464,68;R$464,68
Renilson Ricardo dos Santos;Renilson Ricardo dos Santos;MURINGA COMERCIO DE LUBRIFICANTES LTDA - 58194023000164 - 1006491;28/09/2026;954096356;Venda;LUBRAX TOP AUTO 15W40 SL SEMI - 24x1L - 10000112;1;24,0000;R$672,13;R$677,84;R$664,28;R$664,28
Renilson Ricardo dos Santos;Renilson Ricardo dos Santos;UHC CAMACAN PNEUS E ACESSORIOS LTDA - 43855640000196 - 1005837;28/09/2026;953993444;Venda;LUBRAX TOP MOTO 20W50 MA - 24x1L - 10000956;2;48,0000;R$647,13;R$652,63;R$633,05;R$1.266,10
Renilson Ricardo dos Santos;Renilson Ricardo dos Santos;UHC CAMACAN PNEUS E ACESSORIOS LTDA - 43855640000196 - 1005837;28/09/2026;953993444;Venda;LUBRAX 2T TC - 40X1/2L - 10000132;5;100,0000;R$619,43;R$624,70;R$612,21;R$3.061,05
Renilson Ricardo dos Santos;Renilson Ricardo dos Santos;MURINGA COMERCIO DE LUBRIFICANTES LTDA - 58194023000164 - 1006491;28/09/2026;954081576;Cotação;LUBRAX TOP AUTO 508.88 5W40 SN -SUP12X1L - 10001052;1;12,0000;R$475,01;R$479,76;R$465,37;R$465,37
Renilson Ricardo dos Santos;Renilson Ricardo dos Santos;MURINGA COMERCIO DE LUBRIFICANTES LTDA - 58194023000164 - 1006491;28/09/2026;954081576;Cotação;LUBRAX TOP MOTO 10W30 MA2 SEMI- 24x1L - 10000614;1;24,0000;R$624,79;R$631,04;R$631,04;R$631,04
Renilson Ricardo dos Santos;Renilson Ricardo dos Santos;MURINGA COMERCIO DE LUBRIFICANTES LTDA - 58194023000164 - 1006491;28/09/2026;954081576;Cotação;LUBRAX TOP AUTO 5W30 SQ SINT - 24x1L - 10000602;1;24,0000;R$797,69;R$805,67;R$781,50;R$781,50
Renilson Ricardo dos Santos;Renilson Ricardo dos Santos;MURINGA COMERCIO DE LUBRIFICANTES LTDA - 58194023000164 - 1006491;28/09/2026;954081576;Cotação;LUBRAX TOP AUTO 15W40 SL SEMI - 24x1L - 10000112;1;24,0000;R$672,13;R$678,85;R$665,27;R$665,27
Renilson Ricardo dos Santos;Renilson Ricardo dos Santos;UHC CAMACAN PNEUS E ACESSORIOS LTDA - 43855640000196 - 1005837;28/09/2026;953971423;Cotação;LUBRAX TOP MOTO 20W50 MA - 24x1L - 10000956;2;48,0000;R$647,13;R$653,60;R$633,99;R$1.267,98
Renilson Ricardo dos Santos;Renilson Ricardo dos Santos;UHC CAMACAN PNEUS E ACESSORIOS LTDA - 43855640000196 - 1005837;28/09/2026;953971423;Cotação;LUBRAX 2T TC - 40X1/2L - 10000132;5;100,0000;R$619,43;R$625,62;R$613,11;R$3.065,55
Renilson Ricardo dos Santos;Renilson Ricardo dos Santos;L. SILVA MORAIS CARDEAL - 09581715000150 - 1005836;28/09/2026;954010701;Venda;LUBRAX TOP MOTO 10W30 MA2 SEMI- 24x1L - 10000614;2;48,0000;R$624,79;R$630,10;R$642,70;R$1.285,40
Renilson Ricardo dos Santos;Renilson Ricardo dos Santos;L. SILVA MORAIS CARDEAL - 09581715000150 - 1005836;28/09/2026;954010701;Venda;LUBRAX TOP MOTO 20W50 MA - 24x1L - 10000956;2;48,0000;R$647,13;R$652,63;R$633,05;R$1.266,10
Ricardo De Abeu Sacramento;Ricardo De Abeu Sacramento;R E SERV REBOQUE E TRANSPORTES LTDA - 08469703000256 - 1007384;28/09/2026;954120131;Venda;LUBRAX TOP TURBO 15W40 CI4 228.3 70k-20L - 10000607;5;100,0000;R$413,61;R$409,52;R$409,52;R$2.047,60
Ricardo De Abeu Sacramento;Ricardo De Abeu Sacramento;I S DAMASCENO COMERCIO DE LUBRIFICANTES - 41244190000170 - 1003154;28/09/2026;954183215;Venda;LUBRAX TOP TURBO 15W40 CI4 228.3 70k-20L - 10000607;10;200,0000;R$405,50;R$409,56;R$409,56;R$4.095,60
Ricardo De Abeu Sacramento;Ricardo De Abeu Sacramento;R E SERV REBOQUE E TRANSPORTES LTDA - 08469703000256 - 1007384;28/09/2026;954114290;Cotação;LUBRAX TOP TURBO 15W40 CI4 228.3 70k-20L - 10000607;5;100,0000;R$413,61;R$409,52;R$409,52;R$2.047,60
Ricardo De Abeu Sacramento;Ricardo De Abeu Sacramento;NEWTON JOSE AGUIAR - 03645723000136 - 1005055;28/09/2026;954051355;Venda;LUBRAX TOP TURBO 15W40 ESSENC CI-4-24x1L - 10000122;1;24,0000;R$659,79;R$666,39;R$666,39;R$666,39
Ricardo De Abeu Sacramento;Ricardo De Abeu Sacramento;NEWTON JOSE AGUIAR - 03645723000136 - 1005055;28/09/2026;954051355;Venda;LUBRAX TOP TURBO ESSENC 15W40 CI-4-BB20L - 10000095;4;80,0000;R$404,97;R$409,02;R$409,02;R$1.636,08
Ricardo De Abeu Sacramento;Ricardo De Abeu Sacramento;NEWTON JOSE AGUIAR - 03645723000136 - 1005055;28/09/2026;954049592;Cotação;LUBRAX TOP TURBO ESSENC 15W40 CI-4-BB20L - 10000095;4;80,0000;R$404,97;R$409,02;R$409,02;R$1.636,08
Ricardo De Abeu Sacramento;Ricardo De Abeu Sacramento;NEWTON JOSE AGUIAR - 03645723000136 - 1005055;28/09/2026;954049592;Cotação;LUBRAX TOP TURBO 15W40 ESSENC CI-4-24x1L - 10000122;1;24,0000;R$659,79;R$666,39;R$666,39;R$666,39
Ricardo De Abeu Sacramento;Ricardo De Abeu Sacramento;I S DAMASCENO COMERCIO DE LUBRIFICANTES - 41244190000170 - 1003154;28/09/2026;954112593;Cotação;LUBRAX TOP TURBO ESSENC 15W40 CI-4-BB20L - 10000095;10;200,0000;R$397,03;R$401,00;R$401,00;R$4.010,00
Rosileide Da Silva Santos;Rosileide Da Silva Santos;AUTO PECAS MAIA & SERVICAR LTDA - 11875629000100 - 1007383;28/09/2026;954117418;Venda;LUBRAX TOP AUTO 5W30 SQ DX1 -SUP12X1L - 10000980;4;48,0000;R$410,34;R$414,44;R$414,44;R$1.657,76
Rosileide Da Silva Santos;Rosileide Da Silva Santos;AUTO PECAS MAIA & SERVICAR LTDA - 11875629000100 - 1007383;28/09/2026;954117418;Venda;LUBRAX TOP AUTO SEMI 15W40 SL -SUP12x1L - 10000128;4;48,0000;R$322,62;R$325,85;R$325,85;R$1.303,40
Rosileide Da Silva Santos;Rosileide Da Silva Santos;AUTO PECAS MAIA & SERVICAR LTDA - 11875629000100 - 1007383;28/09/2026;954117418;Venda;LUBRAX TOP AUTO 20W50 SL - SUP12X1L - 10000131;4;48,0000;R$334,06;R$337,40;R$327,28;R$1.309,12
Rosileide Da Silva Santos;Rosileide Da Silva Santos;GNF COM DE LUBRIF, ACESSORIOS E TRANSP - 49125069000130 - 1006842;28/09/2026;954196096;Cotação;LUBRAX TOP AUTO 5W30 C2,C3 SINT-24x1L - 10000954;10;240,0000;R$870,65;R$879,36;R$879,36;R$8.793,60
Rosileide Da Silva Santos;Rosileide Da Silva Santos;RENI LIMA DA SILVA 93987242515 - 11542143000141 - 1005335;28/09/2026;954068104;Cotação;LUBRAX TOP MOTO 20W50 MA - 24x1L - 10000956;10;240,0000;R$634,44;R$634,44;R$634,44;R$6.344,40
Tatiane Silva de Oliveira;Tatiane Silva de Oliveira;J M C DERIVADOS DE PETROLEO LTDA - 04681824000125 - 1005125;28/09/2026;954106457;Cotação;LUBRAX FLUID P/ FREIO DOT 4 ES-CX40F1/2L - 10000338;1;20,0000;R$1.039,26;R$1.039,26;R$1.039,26;R$1.039,26
Tatiane Silva de Oliveira;Tatiane Silva de Oliveira;J M C DERIVADOS DE PETROLEO LTDA - 04681824000125 - 1005125;28/09/2026;954106457;Cotação;LUBRAX TOP AUTO 15W40 SN SEMI - 24x1L - 10000110;2;48,0000;R$772,30;R$772,30;R$772,30;R$1.544,60
Tatiane Silva de Oliveira;Tatiane Silva de Oliveira;J M C DERIVADOS DE PETROLEO LTDA - 04681824000125 - 1005125;28/09/2026;954106457;Cotação;LUBRAX TOP AUTO 5W20 SQ SINT - 12X1L - 10000605;2;24,0000;R$353,54;R$353,54;R$353,54;R$707,08
Tatiane Silva de Oliveira;Tatiane Silva de Oliveira;J M C DERIVADOS DE PETROLEO LTDA - 04681824000125 - 1005125;28/09/2026;954106457;Cotação;LUBRAX TOP AUTO 20W50 SL- 24x1L - 10000611;3;72,0000;R$695,95;R$695,95;R$695,95;R$2.087,85
Tatiane Silva de Oliveira;Tatiane Silva de Oliveira;J M C DERIVADOS DE PETROLEO LTDA - 04681824000125 - 1005125;28/09/2026;954106457;Cotação;LUBRAX TOP AUTO 5W30 SQ SINT - 24x1L - 10000602;5;120,0000;R$797,69;R$797,69;R$797,69;R$3.988,45
Tatiane Silva de Oliveira;Tatiane Silva de Oliveira;J M C DERIVADOS DE PETROLEO LTDA - 04681824000125 - 1005125;28/09/2026;954106457;Cotação;LUBRAX ESSENCIAL SL 20W50 - CXC40F1/2L - 10000218;1;20,0000;R$630,60;R$630,60;R$630,60;R$630,60
Vagner Puridade;Vagner Puridade;ABDON DE VARDE SA BARRETO - CORUJA MOTO - 24992516000128 - 1003802;28/09/2026;954137504;Venda;LUBRAX TOP MOTO 20W50 MA - 24x1L - 10000956;1;24,0000;R$647,13;R$653,60;R$633,99;R$633,99
Vagner Puridade;Vagner Puridade;ABDON DE VARDE SA BARRETO - CORUJA MOTO - 24992516000128 - 1003802;28/09/2026;954137504;Venda;LUBRAX TOP MOTO 10W30 MA2 SEMI- 24x1L - 10000614;1;24,0000;R$624,79;R$631,04;R$612,11;R$612,11
Vagner Puridade;Vagner Puridade;JM COM DE LUBRIF E PRODUTOS AUTOM LTDA - 29321408000147 - 1005853;28/09/2026;954182536;Venda;LUBRAX ESSENCIAL 2T - CXC40F1/2L - 10000435;20;400,0000;R$675,63;R$682,39;R$668,74;R$13.374,80
Washington De Jesus Santos;Washington De Jesus Santos;AUTO POSTO BOA HORA LTDA - 32783771000199 - 1005385;28/09/2026;953950809;Cotação;LUBRAX TOP AUTO 20W50 SL - SUP12X1L - 10000131;1;12,0000;R$338,67;R$338,67;R$338,67;R$338,67
Washington De Jesus Santos;Washington De Jesus Santos;AUTO POSTO BOA HORA LTDA - 32783771000199 - 1005385;28/09/2026;953950809;Cotação;LUBRAX TOP AUTO SEMI 15W40 SL -SUP12x1L - 10000128;1;12,0000;R$321,62;R$321,62;R$321,62;R$321,62
Washington De Jesus Santos;Washington De Jesus Santos;AUTO POSTO BOA HORA LTDA - 32783771000199 - 1005385;28/09/2026;953950809;Cotação;LUBRAX TOP AUTO SINT 5W30 SQ -SUP12X1L - 10000982;1;12,0000;R$396,38;R$396,38;R$396,38;R$396,38
Washington De Jesus Santos;Washington De Jesus Santos;AUTO POSTO BOA HORA LTDA - 32783771000199 - 1005385;28/09/2026;953950809;Cotação;LUBRAX TOP AUTO SINT 0W20 SQ -SUP12X1L - 10000981;1;12,0000;R$452,23;R$452,23;R$452,23;R$452,23
Washington De Jesus Santos;Washington De Jesus Santos;AUTO POSTO BOA HORA LTDA - 32783771000199 - 1005385;28/09/2026;953950809;Cotação;LUBRAX TOP MOTO 20W50 MA - SUP12x1L - 10000129;1;12,0000;R$308,77;R$308,77;R$308,77;R$308,77
Washington De Jesus Santos;Washington De Jesus Santos;AUTO POSTO BOA HORA LTDA - 32783771000199 - 1005385;28/09/2026;953950809;Cotação;LUBRAX TOP MOTO 10W30 MA2  - SUP12X1L - 10000130;1;12,0000;R$289,57;R$289,57;R$289,57;R$289,57
Washington De Jesus Santos;Washington De Jesus Santos;AUTO POSTO BOA HORA LTDA - 32783771000199 - 1005385;28/09/2026;953950809;Cotação;LUBRAX TOP AUTO 5W30 SQ DX1 -SUP12X1L - 10000980;1;12,0000;R$482,42;R$482,42;R$482,42;R$482,42
Washington De Jesus Santos;Washington De Jesus Santos;AUTO POSTO BOA HORA LTDA - 32783771000199 - 1005385;28/09/2026;953950809;Cotação;LUBRAX TOP AUTO 508.88 5W40 SN -SUP12X1L - 10001052;1;12,0000;R$545,63;R$545,63;R$545,63;R$545,63
Washington De Jesus Santos;Washington De Jesus Santos;AUTO POSTO BOA HORA LTDA - 32783771000199 - 1005385;28/09/2026;953950809;Cotação;LUBRAX ESSENCIAL 2T - CXC40F1/2L - 10000435;1;20,0000;R$672,00;R$672,00;R$672,00;R$672,00
Washington De Jesus Santos;Washington De Jesus Santos;AUTO POSTO BOA HORA LTDA - 32783771000199 - 1005385;28/09/2026;953950809;Cotação;LUBRAX ATF TA  - CXC40F1/2L - 10000351;1;20,0000;R$982,75;R$982,75;R$982,75;R$982,75